ano;id;tipo;nota;TDI_EM;TDI_01;TDI_02;TDI_03;MHA_EM;MHA_01;MHA_02;MHA_03
2018;26000024;EREM;497,0826923;30,3;32,2;32,6;15,6;9;8,6;9,5;9,5
2018;26000741;EREM;486,5848039;25,5;27,8;22,1;14,8;6,1;9,5;9,5;4,2
2018;26001900;Regular;486,3111607;20,1;28,2;16,2;10,3;4,4;4,5;4,5;4,4
2018;26001942;EREM;526,72625;8;10,4;6,8;6;7,6;9,5;9,5;9,5
2018;26003066;EREM;494,125;10;12,6;8,3;9,5;9,5;9,5;9,5;9,5
2018;26003210;Regular;466,1419492;35,9;45,3;33,9;29,3;4,2;4,3;4,2;4,3
2018;26004518;EREM;508,2010417;13,2;15,6;15,9;6,5;9,5;9,5;9,5;9,5
2018;26004593;Regular;473,9593137;29,1;35,6;25,1;29,2;4,1;4,5;4,3;3,8
2018;26005107;EREM;495,54375;24,8;27,7;25,7;16,7;9,5;10;10;10
2018;26005115;EREM;511,9890625;6,3;13,8;0;8;9,5;9,5;9,5;9,5
2018;26006138;Regular;492,4889241;29,9;23,8;35,1;30,9;3,8;4;4;3,9
2018;26006499;Regular;477,48125;39,8;41;41,8;37,1;4;4;4;3,9
2018;26008181;EREM;502,8460227;23,5;17,8;43,3;17,3;8,9;9,5;9,5;9,5
2018;26008530;EREM;510,5545732;13,2;17,4;9,8;12,5;9,5;9,5;9,5;9,5
2018;26009315;EREM;479,2347222;17;18,3;17;14,7;9,5;9,5;9,5;9,5
2018;26009390;EREM;498,615625;13,3;18;15,8;6,7;8,9;10;10;10
2018;26010151;EREM;487,5608209;5,4;10,2;2;2,5;8,9;9,5;9,5;9,6
2018;26010348;Regular;476,4138158;26,7;49,1;26,9;20,9;4,2;3,5;4,3;4,3
2018;26011069;EREM;538,7240234;2,4;1,6;2,9;2,7;9,2;9,5;9,5;9,5
2018;26011344;EREM;491,8975;13;14,3;15,2;8,4;9,5;9,5;9,5;9,5
2018;26011611;EREM;484,5970588;28,3;25,3;31,3;31,4;7,2;9,5;9,5;4,5
2018;26012359;EREM;504,4521429;17,5;24,1;14,4;10,3;9,5;9,5;9,5;9,5
2018;26013185;Regular;461,4098837;38;52,7;28,4;35,2;4,2;4;4,5;4
2018;26013436;Regular;478,205303;17,9;26;13,8;13,8;4,5;4,5;4,5;4,5
2018;26013452;EREM;479,8507075;24,6;26,3;19,4;28,5;7;8;8,1;7,3
2018;26014190;EREM;485,3365942;21,4;22,8;38,5;10,1;8;10;10;10
2018;26014564;EREM;479,4365741;16,8;18,2;20,9;14;7,1;9,5;9,5;4,2
2018;26014572;Regular;488,5008333;29,4;31,2;33,6;20,8;4,3;4,3;4,2;4,2
2018;26014670;EREM;507,9859195;6,9;8,2;6,6;6;9,5;9,5;9,5;9,5
2018;26015625;EREM;486,3572581;23,8;40;13,4;14,6;9,5;9,5;9,5;9,5
2018;26016028;EREM;538,607337;3,1;2,9;2,6;3,8;9,5;9,5;9,5;9,5
2018;26016540;EREM;510,0366071;15,1;20;17;7,6;9,5;9,5;9,5;9,5
2018;26017750;EREM;482,6392857;24,7;32,7;32,3;14,7;9,3;9,3;9,3;9,3
2018;26018314;EREM;494,1651163;20,4;36,5;11,4;8,9;9,8;9,8;9,8;9,8
2018;26018977;Regular;560,0889535;6,6;6,5;5,1;8,3;4,4;4,5;4,3;4,4
2018;26019493;EREM;492,1771186;22,4;27,1;23,3;15,4;9,3;9,5;9,3;9,2
2018;26019922;EREM;504,4927711;7,6;8,1;5,5;9,8;9,5;9,5;9,5;9,5
2018;26020882;Regular;478,1118557;27,4;34,6;27,2;17,9;4,1;4,2;4,2;4,1
2018;26020890;Privada;594,8198529;1,6;6,1;0;0;6;6;6;6
2018;26020955;ETE;536,7779762;10,9;18,4;6,4;7,1;9,5;9,5;9,5;9,5
2018;26020963;Regular;474,7945;25,1;31,6;24,3;18,6;4,1;4,2;4,2;3,9
2018;26020971;EREM;516,5215909;13,7;25,7;11,8;2,2;9,5;9,5;9,5;9,5
2018;26021820;Regular;489,9847826;26,2;26,9;33,9;15,2;4,5;4,5;4,5;4,5
2018;26021900;EREM;475,2458333;35;42,4;40,3;26,2;5,2;9,5;4,3;4,2
2018;26021927;EREM;498,7347222;22,5;29,5;13,6;22,4;8,3;9,5;9,5;4,3
2018;26023245;Regular;495,0767045;29,5;30,9;34,3;21,8;4,5;4,5;4,5;4,5
2018;26023334;Regular;490,5742647;10,6;15,6;12,8;5,3;4,5;4,5;4,5;4,5
2018;26024047;Regular;481,9473684;40,4;57,4;48,2;10,2;4,5;4,5;4,5;4,4
2018;26024675;EREM;499,5223214;23,4;26,1;26,2;15,4;9,5;9,5;9,5;9,5
2018;26024691;Privada;589,4555921;3,4;6,7;2,2;1,2;4,7;4,6;4,7;4,9
2018;26024730;EREM;500,2615;34,9;39,2;40,5;22,7;9,5;9,5;9,5;9,5
2018;26025981;Regular;473,7621212;51;60,5;41,5;51,5;3,5;3,3;3,3;3,3
2018;26026627;EREM;503,3211921;8,7;11,3;8;7,7;9,5;9,5;9,5;9,5
2018;26027828;EREM;496,7415909;11,3;13,6;10,4;9,7;8,2;9,5;9,5;9,5
2018;26027917;EREM;514,10125;33,5;43,3;29,6;22,5;9,2;9,5;9,5;9,5
2018;26029243;EREM;472,8281915;35,4;39,3;37;28,5;7,4;7,6;7,5;7,4
2018;26029812;Regular;466,6833333;49;50,6;47,4;45,7;4;4,2;4,1;4,1
2018;26029910;EREM;508,89375;16,8;20,1;17;12;9,5;9,5;9,5;9,5
2018;26030950;Regular;460,0326087;31,4;47,1;25,4;26;4,6;4,5;4,7;4,6
2018;26031272;EREM;497,4055556;7,8;8,5;10,1;4,2;9,5;9,4;9,5;9,5
2018;26031914;Regular;470,5852113;25,9;29,1;31,3;21,4;4,4;4,5;4,5;4,5
2018;26033356;EREM;501,6577273;11,7;15,7;6,9;11,2;9,5;9,5;9,5;9,5
2018;26033364;EREM;486,3308594;13,1;23,7;11,3;7,6;8,5;9,5;9,5;9,5
2018;26033879;EREM;517,1372727;7,2;9,8;6,6;4,5;9,1;8,5;9,5;9,5
2018;26033909;Privada;632,4648773;1,3;1,2;2,3;0,6;5,2;4,8;5;5,6
2018;26033925;Privada;566,370614;4;1,4;4,9;6,4;5,1;5,1;5,1;5,1
2018;26033950;Privada;601,5088235;1,2;1;1,1;1,5;5,2;5,2;5,2;5,2
2018;26034280;Federal;518,9755208;22,3;16,7;19,7;27,5;7,3;7,9;8;6,5
2018;26034298;Regular;491,382381;32,4;39,6;31,4;18,8;4,5;4,5;4,5;4,5
2018;26034336;EREM;486,3393617;18,9;17,3;16;23,8;8;9,5;9,5;4,5
2018;26034352;EREM;522,8277778;8,9;13,6;8,8;3,6;9,5;9,5;9,5;9,5
2018;26034441;Regular;514,5105856;30,3;44,3;27,5;14,6;4,5;4,5;4,5;4,5
2018;26035049;EREM;492,4348592;23,6;44,7;18,3;13;7,7;9,5;9,5;4,5
2018;26035120;EREM;509,9492424;10,6;9,9;11,4;10,1;9,5;9,5;9,5;9,5
2018;26035146;Regular;497,2389456;39,7;49,1;38,5;31;4,3;4,4;4,3;4,3
2018;26035316;EREM;505,245;4,6;5,2;3,9;4,5;9,5;9,5;9,5;9,5
2018;26035340;Regular;483,4805556;30,3;37,6;30,4;18;4,1;4,4;4,3;4,5
2018;26035502;Regular;478,6617188;36,1;43,4;34,9;26,9;4,2;4,2;4,2;4,2
2018;26035553;Regular;574,4207386;10,3;12,1;11,7;6,9;9;9;9;9
2018;26035561;Regular;492,1669492;35,8;50,9;33,1;26,6;4,2;4,2;4,2;4,2
2018;26035600;EREM;504,1677885;19,2;15,7;21,4;22,1;7,9;9,5;9,5;4,5
2018;26035979;Regular;496,4537879;22,4;25,2;24,6;14,6;4,2;4,5;4,5;4,5
2018;26036037;Regular;514,8708333;41,6;56,8;39,9;23,4;3,9;3,9;4;3,7
2018;26036045;Regular;509,3982143;31;49,5;26;13,3;4,4;4,4;4,5;4,4
2018;26036096;Federal;596,4309783;11,3;8,2;9,4;9,8;4,8;4,8;4,8;4,8
2018;26036118;EREM;485,4471591;25,6;39,8;17,5;18,7;8,1;9,5;9,5;4,5
2018;26036134;Regular;471,6901515;28,6;32,8;27,1;25,4;4,2;4,5;4;3,9
2018;26036169;Regular;495,6120968;22,9;32,1;17,9;18,7;3,7;3,8;3,6;3,8
2018;26036401;Privada;555,2027027;7,8;12,8;5,1;4;4,8;4,8;4,8;4,8
2018;26037599;Regular;459,9933333;58,7;62,6;59;52,5;3,7;3,9;3,7;3,6
2018;26037726;Regular;478,9777778;26,4;27,8;27,1;24,5;4;4,2;4,1;3,9
2018;26037904;Regular;458,6039474;57,7;65,2;60,4;53,9;4,1;4;4,1;4,1
2018;26038536;EREM;498,989939;14,3;17,3;7,5;17,7;8,5;9,5;9,5;9,5
2018;26039702;EREM;497,1126068;19,2;26,7;17,3;15,9;9,5;9,5;9,5;9,5
2018;26040948;EREM;493,8921296;18,3;29,7;14,8;10,3;9,5;9,5;9,5;9,5
2018;26040956;EREM;483,0358333;39,4;36,4;37,2;42,1;6,3;8,4;8;3,6
2018;26040972;Regular;495,28;41,3;51,8;41,8;23,5;4,1;4;4;4,5
2018;26042037;EREM;478,3883065;24,5;32;20,3;21,6;7,2;9,5;9,5;4,5
2018;26042053;EREM;496,3994186;10,9;11,9;13,3;7,7;9,5;9,5;9,5;9,5
2018;26042070;EREM;516,6445652;9,7;13;6,4;7,1;9,5;9,5;9,5;9,5
2018;26043335;EREM;493,0873239;4,8;4,1;13,2;1,1;9,5;9,5;9,5;9,5
2018;26044412;Regular;477,0333333;39,8;45,1;35,4;34,8;4,2;4,2;4,1;4,2
2018;26044862;EREM;505,3347015;27,5;26,1;34,4;20,5;9,5;9,5;9,5;9,5
2018;26045745;EREM;471,5424603;33,2;43,4;33,1;19,9;9,5;9,5;9,5;9,5
2018;26047187;EREM;504,991129;29,4;33,2;23,6;28,5;9,3;10;10;7,6
2018;26047837;EREM;502,9870968;26,2;27,9;33,7;13;9,8;9,8;9,8;9,8
2018;26048337;EREM;492,6107527;31,9;35,8;31,9;26;8,6;9,5;9,5;9,5
2018;26049406;EREM;488,7602113;16,9;18,1;15,2;17,6;9;9,5;9,5;9,5
2018;26049562;EREM;477,0623288;35,6;46,3;32,8;29,3;7,3;9,5;9,5;9,5
2018;26050030;Federal;537,4379518;22,8;28,7;18,8;19;10,3;10,3;10,3;10,3
2018;26050048;EREM;484,0371528;48,2;51;35,8;50,7;5,9;9,5;9,5;4,1
2018;26050064;Regular;491,395283;66,2;76,3;62,7;55,4;3,8;3,8;3,7;3,7
2018;26050102;EREM;494,6534722;30,6;40,1;30;11,4;9,5;9,5;9,5;9,5
2018;26050200;Regular;508,3257576;38,5;48,3;35,2;29;4,5;4,5;4,5;4,5
2018;26050242;Privada;585,5593023;3,2;2,3;2,6;4,8;5,6;5,3;5,3;6
2018;26051176;Regular;491,6547794;26,7;34;19,3;27,2;8,2;8,5;8,5;8,5
2018;26051648;Privada;565,7896341;3,8;2,4;6;2,4;5,3;5,3;5,3;5,3
2018;26051737;Regular;486,5692623;43,1;47,5;41,8;40,5;4,2;4,5;4,2;4,1
2018;26051761;EREM;482,2809211;23,7;35;15;17,9;7,9;9,5;9,5;4,5
2018;26052083;EREM;493,6958333;29,6;35,5;23,5;26,9;6,2;6;6,9;6,7
2018;26052776;EREM;499,1702532;26,1;37,1;14,9;10,2;9,5;9,5;9,5;9,5
2018;26053608;EREM;490,792619;29,7;48;20,7;27,8;9,2;9,5;9,2;8,9
2018;26053837;Privada;635,9030726;0,6;0;1,2;0,6;6,2;6,2;6,2;6,2
2018;26053845;EREM;513,1964015;16,3;23,3;13,2;8,6;9,5;9,5;9,5;9,5
2018;26053853;EREM;514,5395;19,6;25,5;12,7;22,4;7,8;9,5;9,5;4,5
2018;26053861;Privada;575,1969828;3,7;6;3,6;2,3;5,5;5,5;5,5;5,5
2018;26053993;Privada;552,8969828;9,3;12,1;6,7;8;5;5;5;5
2018;26054027;EREM;546,2958333;11,5;11,6;14,3;8;9,5;9,5;9,5;9,5
2018;26054043;EREM;539,9146341;8,4;11,1;7,1;6,6;9,1;9,5;9,5;7,9
2018;26054060;Regular;494,3078431;48,2;55,3;46,9;41,7;3,9;4,1;4,1;3,9
2018;26054140;EREM;532,4485437;21,9;35,2;16;3;10;10;10;10
2018;26054809;EREM;522,9193299;13,3;20,4;7,7;7,3;9,5;9,5;9,5;9,7
2018;26054825;Regular;502,3072289;44,9;51,4;44,4;36,6;4;4,2;4,1;3,9
2018;26054850;Regular;498,1334951;47,7;56,6;44,8;38,3;4,1;4,2;4,1;4
2018;26054876;EREM;508,0111963;38,5;47,5;37,6;33,8;4,9;7,2;4,2;4,2
2018;26054884;Regular;501,0696809;28,2;32,8;30,6;17,9;4,5;4,5;4,5;4,5
2018;26054914;Regular;495,933723;32,6;43,7;30,1;20,2;4,4;4,4;4,4;4,3
2018;26055082;EREM;510,2680723;18,2;21,1;19,2;11,2;9,5;9,5;9,5;9,5
2018;26055198;Privada;560,8554054;10,2;15,4;10;5,1;5;5;5;5
2018;26055210;Regular;493,709375;54,9;58,1;52,8;50,9;3,9;4,1;3,9;4,1
2018;26055686;Privada;520,725;9,4;13,3;3,6;14,3;5,3;5,3;5,3;5,3
2018;26056550;Regular;469,8042763;48,9;52;46,8;45,2;5,4;5,9;4,8;5,1
2018;26056577;EREM;509,4610092;15,7;25,3;8,3;11,5;9,5;9,5;9,5;9,5
2018;26056623;EREM;488,6217391;34,4;30;31,8;39,9;7,3;9,5;9,5;4
2018;26056658;EREM;496,1133772;22,6;27,1;23,4;17,3;9,5;9,5;9,5;9,5
2018;26057506;Privada;571,2058824;6,9;10,9;8,7;0;5,8;5,8;5,8;5,8
2018;26057743;EREM;485,66625;23;24,4;28,6;15,6;9,2;9,2;9,2;9,2
2018;26058430;EREM;492,1940252;9,5;13,9;6,9;8;9,5;9,5;9,5;9,5
2018;26058960;Regular;486,0809375;38,9;50;36,7;30,8;4,1;4,1;4,1;4,1
2018;26059088;EREM;493,0494382;13,7;18,5;11;11,6;9,5;9,5;9,5;9,5
2018;26059789;EREM;494,9095588;22,7;10,9;34,1;19,8;8,7;9,5;9,5;9,5
2018;26060124;EREM;494,4414557;16,4;20,4;20;8,7;7,4;8,4;7,2;6,8
2018;26061023;EREM;499,1479167;11,9;11;16,2;8,6;9,5;9,5;9,5;9,5
2018;26061643;EREM;491,8943396;26,5;32,6;27,6;14,6;9,5;9,5;9,5;9,5
2018;26061724;Regular;482,6629464;32,3;49,8;29,9;3,4;4,5;4,5;4,5;4,5
2018;26062410;EREM;504,7677835;7,5;9;7,9;4,9;9,5;9,5;9,5;9,5
2018;26062585;Regular;485,7712121;35,6;49,5;32,9;24,5;4;4;4,1;4
2018;26063310;EREM;498,1597222;13,2;19,4;10,7;7;9,5;9,5;9,5;9,5
2018;26063522;Regular;482,1616667;42,6;52,4;45,6;34,3;3,6;3,8;3,6;3,6
2018;26063530;EREM;500,8108974;24;27,8;27,2;13,2;9,5;9,5;9,5;9,5
2018;26063905;EREM;527,6689873;13,1;17,9;11,7;9,2;9,5;9,5;9,5;9,5
2018;26063999;Regular;496,6276012;34,6;38,2;36,9;26,6;4,1;4,2;4,1;4,1
2018;26064006;Regular;509,7787879;37,2;35,4;38;39,4;4,1;4,2;4,1;4
2018;26064294;EREM;493,7423387;24,1;31,3;20,9;17,6;9,5;9,5;9,5;9,5
2018;26064588;Privada;611,5041667;5,3;6,1;6,1;2,9;5,1;5,1;5,1;5,1
2018;26064596;Privada;590,5233871;7,2;13,2;2,1;4,5;10,3;10,3;10,3;10,3
2018;26064618;EREM;525,2234127;18,4;23,5;20,2;8,1;9,5;9,5;9,5;9,5
2018;26064626;EREM;508,6164063;21,8;25;20,3;20,8;9,5;9,5;9,5;9,5
2018;26064642;Regular;491,9181818;40,7;52,9;40;26,9;5;4;4,1;7
2018;26065401;Regular;519,8614583;33,2;33;28,9;40,5;4,3;4,3;4,3;4,3
2018;26065568;EREM;473,3788462;25,7;34,4;16,9;21,3;9,1;9,5;9,5;9,5
2018;26065592;EREM;487,596875;12,2;12,4;8,5;18,2;9,5;9,5;9,5;9,5
2018;26065606;Regular;474,0390625;48,1;52,5;43,6;47,2;3,3;3,3;3,3;3,3
2018;26066181;Regular;498,7611111;37,2;43,2;37,5;28;4,1;4,1;4,1;4
2018;26066220;EREM;493,4698113;14,5;20;14,3;8,2;9,5;9,5;9,5;9,5
2018;26066572;EREM;513,4045652;10,9;15,6;8,9;8,4;8,7;9,5;9,5;9,5
2018;26067137;EREM;511,7842308;18,5;25,4;14,7;13,5;9,5;9,5;9,5;9,5
2018;26067382;EREM;490,6405844;25,6;30,8;24,8;18,9;9,5;9,5;9,5;9,5
2018;26067552;Regular;489,5955224;30,2;37;31,9;19,5;4,5;4,5;4,5;4,5
2018;26067803;EREM;495,3920886;26,6;35,9;20,6;20,8;9,5;9,5;9,5;9,5
2018;26068427;EREM;518,3729592;10;11,5;10,5;7,6;8,4;9,5;9,5;9,5
2018;26068508;Regular;471,5022388;35;36,8;35,5;32,5;4,2;4,5;4,5;4,5
2018;26068729;EREM;529,7205882;11,1;17,3;9,2;5,6;9,5;9,5;9,5;9,5
2018;26068877;Regular;482,8665254;33,5;42,8;36;18,4;4,5;4,5;4,5;4,5
2018;26069210;EREM;493,9832386;29,7;26,5;30,6;31,1;5,8;9,5;4,5;4,5
2018;26069288;EREM;499,3298193;22,5;40,5;17,2;10,6;9,7;9,7;9,8;9,7
2018;26069318;EREM;517,5158088;21,8;27,4;22,2;13,6;9,5;9,5;9,5;9,5
2018;26069652;Regular;492,2051587;30,5;24,6;33;33,8;4,3;4,5;4,5;4,2
2018;26070090;EREM;490,8686441;22,1;35,5;22;7,8;9,5;9,5;9,5;9,5
2018;26070260;EREM;500,5066265;8,3;8,6;6,4;10,7;9,5;9,5;9,5;9,5
2018;26070456;EREM;471,4079365;24,2;36,4;22,1;16,3;9;9,5;9,5;9,5
2018;26070782;Regular;484,0052632;27;33,8;25,9;20,8;4,4;4,5;4,5;4,5
2018;26070880;EREM;496,8052198;14,1;24;12,4;4;9,5;9,5;9,5;9,5
2018;26071606;EREM;495,5459239;17;24,1;13,2;12,7;10;10;10;10
2018;26071673;Regular;456,629386;55,6;70,1;40,6;54,7;4,4;4,5;4,5;4,1
2018;26071924;EREM;486,3388889;42,7;46,4;38,5;40,4;8,6;9,5;8,2;7,5
2018;26072149;Regular;476,789693;48,4;51,3;47,3;45,5;4,2;4,4;4,2;4,2
2018;26072254;EREM;506,8709677;22,9;22;26,2;20;9,5;9,5;9,5;9,5
2018;26073102;EREM;488,4152778;35,7;46,6;26,3;32,3;9,5;9,5;9,5;9,5
2018;26073498;EREM;504,7757692;35,3;53,6;27,7;29,5;5,7;5,8;5,8;5,6
2018;26074079;EREM;488,6113095;27,4;34,3;26,2;16,7;8,5;8,4;8,1;9,5
2018;26074311;EREM;492,4056122;22;36,1;18,3;9,1;9,5;9,5;9,5;9,5
2018;26074362;Regular;504,7470588;40,1;57,8;33,8;26,6;4,1;4;4,1;4,3
2018;26074907;EREM;496,1241935;23,1;29,3;18,3;23,7;9,5;9,5;9,5;9,5
2018;26075385;EREM;489,65875;27,6;33,9;24,4;22;9,5;9,5;9,5;9,5
2018;26075431;Privada;568,7130952;7,9;7,7;9,4;6,4;4,5;4,5;4,5;4,5
2018;26075440;Privada;577,0221429;4,5;4,8;5,6;3,2;4,9;4,9;4,9;4,9
2018;26075474;Privada;560,3166667;2,5;1,3;3,4;2,7;5,3;5,3;5,3;5,3
2018;26075687;EREM;499,0744485;23,7;30,9;23,5;16,7;8,4;8,3;8,4;8,4
2018;26075768;Regular;504,8162162;28,2;38,7;22,3;19,8;4,4;4,4;4,4;4,3
2018;26075903;EREM;509,0852941;19,8;22,2;19,6;16,4;9,5;9,5;9,5;9,5
2018;26075911;Regular;490,2696121;44,9;53,6;44,6;38,2;4,2;4,2;4,2;4,3
2018;26075920;Regular;480,8898438;35,6;45,3;36,1;23,1;4,4;4,3;4,5;4,3
2018;26075970;Regular;483,5898438;31,3;44,4;17,1;25,6;4,5;4,5;4,5;4,5
2018;26075997;Regular;494,6052326;31,6;36;31,3;28,8;4,3;4,3;4,3;4,4
2018;26076047;Regular;499,0767045;35,4;38,6;40,6;20,5;4,1;4;4,1;4,3
2018;26076250;EREM;493,959375;26,3;28,6;25,6;25;8;8;8;8
2018;26076357;Regular;512,9972727;24;29,3;28,1;16,5;4,5;4,5;4,5;4,5
2018;26076780;EREM;496,9929412;43,4;51,5;39,4;33,8;7,4;7,3;7,2;7,8
2018;26077825;EREM;495,1006757;23,4;27,1;22,7;17,7;9,5;9,5;9,5;9,5
2018;26078562;EREM;513,4080508;36,8;44,9;36,6;21,8;9,5;9,5;9,5;9,5
2018;26078805;EREM;540,1009009;10;12,6;8,6;8,7;9,5;9,5;9,5;9,5
2018;26078872;Regular;481,574026;30,2;44,1;20,9;17,5;4,5;4,5;4,5;4,3
2018;26079739;EREM;478,4859756;36;37,8;38,3;27,8;7,1;7,3;6,7;7,4
2018;26080516;EREM;492,2007692;32,6;39,9;28,2;25,8;7,9;8,3;7,9;7,3
2018;26081059;EREM;492,6030952;44;49,6;47,2;35,8;7,7;8,3;7,4;7,4
2018;26081180;EREM;485,650625;34,8;47,5;29,5;29,5;9,5;9,5;9,5;9,5
2018;26081849;EREM;487,755;32,3;43,5;28,4;17,7;9,5;9,5;9,5;9,5
2018;26082020;Regular;461,1257813;54,4;63,3;55,7;49,2;3,9;3,9;3,9;4,1
2018;26082179;EREM;515,4589041;19;20,4;20,7;13,1;9,5;9,5;9,5;9,5
2018;26082861;EREM;453,6583333;24,3;29,2;20,5;20,3;8,5;9,5;9,5;9,5
2018;26083159;EREM;504,4791958;9,8;9,8;11,4;7,8;9,5;9,5;9,5;9,5
2018;26083493;Regular;468,4409574;37;41,5;35,5;32,1;4,3;4,3;4,2;4,3
2018;26083639;EREM;494,0031646;28,9;35,4;27,2;21,2;9,3;9,5;9,5;9,5
2018;26084040;Regular;476,2722973;39,8;40,2;45,6;31,5;4,1;4,2;4;4
2018;26084201;EREM;515,2938312;13;15,7;12,4;9,8;9,5;9,5;9,5;9,5
2018;26084791;EREM;484,4764085;28;35,2;27,5;18,9;9,5;9,5;9,5;9,5
2018;26086077;EREM;495,4579268;25,9;33,7;23,5;19,8;9,5;9,5;9,5;9,5
2018;26086638;EREM;493,4292308;24,4;26,8;24,9;20,9;7,2;7,7;7,1;7
2018;26086905;EREM;496,7278986;20,2;23;12,5;26,8;9,5;9,5;9,5;9,5
2018;26087030;Regular;471,6547297;45,1;48,4;48,1;39,8;4,4;4,5;4,4;4,3
2018;26087375;EREM;488,3671875;16,6;19,6;14,3;14,7;8,1;9,5;6,9;7,2
2018;26087715;EREM;480,9151316;37,7;46,2;32,9;28,8;9,5;9,5;9,5;9,5
2018;26087910;EREM;483,6360417;21,2;28,4;16,4;16,2;9,5;9,5;9,5;9,5
2018;26087928;EREM;482,49525;24,2;22,8;21,6;27,3;7,2;9,3;9,5;4,5
2018;26088134;Regular;478,708871;30,9;41,1;36,2;14,7;4,5;4,5;4,5;4,5
2018;26088258;Regular;505,0135135;16,2;21,3;15,2;11,9;4,5;4,5;4,5;4,5
2018;26088282;EREM;505,3;10,6;15,8;10,3;5,3;9,5;9,5;9,5;9,5
2018;26088410;EREM;496,2147321;15,2;20,2;11,3;10,7;9,5;9,5;9,6;9,5
2018;26088533;Regular;477,659375;53,6;57;56,9;47,8;4,3;4,5;4,3;4,3
2018;26088606;EREM;476,2207447;23,7;31,3;21,1;17,5;10;10;10;10
2018;26088851;EREM;487,771131;17,8;25,4;14,5;10,4;9,5;9,5;9,5;9,5
2018;26088886;Regular;485,6651099;36,1;44,3;39,1;26,3;4,3;4,2;4,3;4,3
2018;26088894;EREM;469,983642;33,1;41,3;27,5;31,1;6,5;9,2;9,2;4,5
2018;26089424;EREM;471,4237179;25,9;31,1;28,7;14;9,5;9,5;9,5;9,5
2018;26089505;EREM;517,6512255;9,5;11,3;7,5;8,7;9,5;9,5;9,5;9,5
2018;26089530;Regular;492,6434959;34,7;42,9;36,6;25,7;4,2;4,2;4,3;4,2
2018;26090058;EREM;494,5557292;18,4;23,5;19,2;9,5;9,5;9,5;9,5;9,5
2018;26090309;EREM;487,0096154;31,4;36,3;30;26,6;7,6;8,1;8,3;8
2018;26090406;EREM;473,9645161;28,2;23,5;31,2;27,9;5,7;9,5;4,4;4,2
2018;26090830;Privada;572,9765873;2,8;3,1;2,3;2,9;5,3;5,3;5,3;5,3
2018;26090902;EREM;508,4392857;11,9;14,6;7,9;12,4;9,5;9,5;9,5;9,5
2018;26090910;EREM;473,7330247;33;32;28,6;35,9;6,5;9,5;9,5;4,5
2018;26090970;Regular;603,3463158;6,3;6;4,4;8,6;9,6;9,7;9,6;9,7
2018;26091259;EREM;492,7081395;21,5;33,6;15;15,2;9,5;9,5;9,5;9,5
2018;26091267;EREM;464,4504098;33,9;29,7;45,1;27,7;4,5;4,5;4,7;4,5
2018;26091542;Regular;475,3418919;35,5;41,9;34;23,8;4,5;4,5;4,5;4,5
2018;26091720;EREM;493,3474747;19,6;20;16,5;23,3;8,8;9,5;9,5;9,5
2018;26091828;EREM;467,0228155;38,7;37,1;41,7;37,3;6,3;9,5;4,5;4,5
2018;26091852;Privada;585,5885135;4,9;5,6;6,1;2,9;4,8;5,1;5,1;4,3
2018;26092301;EREM;488,8755102;21,9;27,7;22;10,2;9,5;9,5;9,5;9,5
2018;26092492;Regular;465,3194444;44,2;56,7;39,4;31,4;4,5;4,5;4,5;4,5
2018;26092786;EREM;491,6652174;9,4;12,3;5,8;9,9;9,5;9,5;9,5;9,5
2018;26093030;EREM;483,6947183;27,2;34;27,4;16,7;7,7;8,1;7,8;7,8
2018;26093219;EREM;481,662037;27,6;24,3;37,5;11,8;7,8;9,5;7,4;9,5
2018;26093570;EREM;501,7752577;9,3;11;7,8;8,7;9,5;9,5;9,5;9,5
2018;26093600;Regular;463,7239437;40,3;53,3;40,2;24,8;4,4;4,5;4,5;4,5
2018;26093995;EREM;505,5679167;19;29,5;15,5;9,5;9,5;9,5;9,5;9,5
2018;26094681;Privada;586,69375;4;1,1;6,4;4,6;6,2;6,1;6,3;6,4
2018;26094789;Federal;529,0663136;24,5;27,4;24,8;18,7;9,8;9,8;9,8;9,8
2018;26094800;EREM;492,9042857;31;36,1;22,3;31,8;8,3;9,5;9,5;9,5
2018;26094878;Regular;472,5944444;33,1;45,2;25,8;29,1;4,2;4,5;4,3;4,5
2018;26095289;ETE;508,2370787;14,1;12;16;14,1;9,5;9,5;9,5;9,5
2018;26095297;Regular;473,0352151;33,9;45,7;35,8;17,8;4,4;4,5;4,5;4,3
2018;26095335;EREM;497,8013636;26,4;38,1;20,5;14,8;9,5;9,5;9,5;9,5
2018;26095530;Regular;491,6773256;44,9;52,1;42,4;37,1;4,4;4,5;4,5;4,5
2018;26095904;Privada;575,9269417;5,8;8,5;4,4;3,7;5;5,1;5,1;4,7
2018;26095912;Privada;570,0844737;7;4,4;8,1;8,6;5,3;5,3;5,3;5,3
2018;26096030;EREM;469,9845865;36,9;45,4;31,5;25,4;8,1;8,2;8,4;8,3
2018;26097117;EREM;511,7146104;18,6;24,9;14;14,3;9,5;9,5;9,5;9,5
2018;26097257;EREM;514,3150794;10,7;15,2;7;6,7;9,5;9,5;9,5;9,5
2018;26097311;Federal;518,3522727;26;27,9;25,7;23,7;10,3;10,3;10,3;10,3
2018;26097591;Regular;460,6180723;43;52,1;37,1;42,5;6,7;7,5;7,5;6,7
2018;26097982;EREM;506,2012821;30,2;27,9;28,9;35,1;8,5;8,6;8,5;8,4
2018;26098415;Regular;481,7361111;20,9;19,6;23,4;19,3;4,3;4,4;4,3;4,2
2018;26098482;EREM;506,6293033;20;25,3;22,4;9,9;9,5;9,5;9,5;9,5
2018;26098822;EREM;475,7864458;25,8;33,8;23,5;16,5;9,5;9,5;9,5;9,5
2018;26098920;ETE;511,238764;12,4;15,2;12,1;9,6;9,5;9,5;9,5;9,5
2018;26099365;Regular;482,2594595;25,3;29,3;21,6;24,7;4,5;4,5;4,5;4,5
2018;26099489;EREM;497,4143293;15,2;18,3;15,3;11;8,8;9,8;9,8;9,8
2018;26099497;Regular;482,6830357;34,7;35,9;34,8;33;4,4;4,5;4,3;4,5
2018;26099853;EREM;485,1237179;32,6;43,9;28,9;20;8,9;9,5;9,5;9,5
2018;26100525;EREM;487,7095745;27,5;37,8;23,6;12,7;9,1;9,5;8,3;9,5
2018;26100614;EREM;478,7407143;27,1;48,9;14,3;9,1;9,5;9,5;9,5;9,5
2018;26100940;EREM;480,8185185;49,6;40,6;35,4;67,6;8,2;9,5;9,5;6
2018;26101084;EREM;503,4886628;14,8;25,7;6,9;8,4;9,5;9,5;9,5;9,5
2018;26101653;ETE;518,2532178;12,5;15,3;8;13,3;8;8;8;8
2018;26102153;EREM;488,32875;30,5;40;28,1;14,8;9,5;9,5;9,5;9,5
2018;26102250;EREM;473,602459;30,5;37,2;26,5;23,5;8,7;9,5;8,2;8,1
2018;26102552;EREM;507,1834302;22,7;28,4;21,9;12,3;9,5;9,5;9,6;9,5
2018;26102633;Regular;465,1123333;38,5;46,4;41,7;23,1;4,4;4,4;4,5;4,5
2018;26103370;Regular;479,4701613;40,8;52,3;44,9;18,1;4,3;4,5;4,2;4,3
2018;26103745;EREM;501,1289855;17,4;27;16;6,3;9,5;9,5;9,5;9,5
2018;26103834;EREM;488,0636364;26,9;31,5;28,8;16,2;9,5;9,5;9,5;9,5
2018;26104083;EREM;476,4466216;36,4;58,6;19,8;15,4;9,5;9,5;9,5;9,5
2018;26104229;EREM;505,333046;12,7;15,3;9,1;14,8;9,5;9,5;9,5;9,5
2018;26104920;EREM;486,3535714;21,9;25,3;21,4;17,1;9,5;9,5;9,5;9,5
2018;26105101;EREM;454,2578431;27,4;34,1;29,5;18,3;9,5;9,5;9,5;9,5
2018;26105195;EREM;494,8259091;17,3;28,8;16,8;0,7;6;7;6,9;4,5
2018;26105250;EREM;491,8551282;25,9;40,3;18,4;16;9,3;10;10;10
2018;26105314;EREM;498,865625;18,2;26,1;13,4;12,1;10;10;10;10
2018;26105519;Regular;480,4307823;40,2;49,4;38,3;30,2;4,3;4,3;4,3;4,3
2018;26105810;Privada;582,6433333;3,8;8,6;0;1,3;4,5;4,5;4,5;4,5
2018;26105837;EREM;472,1347015;19,3;36,9;12,9;1,3;9;8,8;9;9,3
2018;26106060;EREM;502,6940909;14,2;16,2;13,6;10,2;10;10;10;10
2018;26106159;Regular;471,012766;28,3;45,7;31,4;4,9;4,4;4,5;4,5;4,5
2018;26106388;EREM;513,8360656;11,8;11,9;12,1;11,2;10;10;10;10
2018;26106582;Regular;468,14375;48;53,3;50,6;35,9;4;4,1;3,9;3,9
2018;26106612;Regular;484,4059783;29,9;39,5;40,3;9,1;4,5;4,5;4,5;4,5
2018;26106698;Regular;488,8044118;35,8;51,5;29,5;24,6;3,3;3,3;3,3;3,3
2018;26106701;Regular;492,4302326;15;22,9;17,6;4,4;4,5;4,5;4,5;4,5
2018;26106728;Regular;473,1543367;50,6;70,9;45,9;29,4;4,3;4,3;4,3;4,3
2018;26106957;EREM;503,609127;16,6;20;20,4;8,2;10;10;10;10
2018;26107074;Regular;494,2016667;30,2;42,4;22,2;22,4;4,5;4,5;4,5;4,5
2018;26107082;Regular;487,7091463;41,4;51,6;39,3;24,6;4,5;4,5;4,5;4,5
2018;26107503;Privada;570,96125;9,3;10,4;7,3;10;4,5;4,5;4,5;4,5
2018;26107562;Regular;489,4276042;27,2;33,3;25,6;18,6;4,4;4,5;4,5;4,5
2018;26107570;EREM;497,0105556;24,9;36,7;25,6;13,8;9,5;9,5;9,5;9,5
2018;26107597;Regular;475,8908824;40,4;41,7;37;43;4,4;4,5;4,3;4,3
2018;26107600;Regular;487,624053;23;26,3;20,8;18,1;4,4;4,5;4,5;4,5
2018;26107651;Regular;495,772561;30,3;30,1;33,5;26,2;4,3;4,4;4,3;4,3
2018;26107678;Regular;515,8653226;14,3;17,4;14,9;10,5;4,4;4,3;4,4;4,4
2018;26107937;EREM;487,3526235;23,3;22,5;23,7;23,7;6,8;9,5;9,5;4,4
2018;26107945;EREM;493,7436813;8,4;2,9;11,6;11,5;9,5;9,5;9,5;9,5
2018;26108038;EREM;527,6761682;9,7;13,3;8,5;6,1;9,5;9,5;9,5;9,5
2018;26108046;Regular;475,6736486;46,9;47,7;50;42,2;4,5;4,5;4,5;4,5
2018;26108801;Regular;482,5085106;18,2;20,5;13,9;20,3;4,4;4,5;4,5;4,5
2018;26108925;Regular;495,5913636;33,4;49,4;29,7;15,3;4,5;4,5;4,5;4,5
2018;26109042;EREM;502,6305118;8,5;11,2;8,8;5;7,8;9,5;9,5;9,5
2018;26109115;Regular;499,0228571;30,3;41,2;29;13,4;4,4;4,5;4,3;4,5
2018;26109360;Regular;481,7388021;29,7;41,8;24,4;15,3;4,5;4,5;4,5;4,5
2018;26109441;EREM;484,1256579;11,4;20,7;7;6,7;9,5;9,5;9,5;9,5
2018;26109468;EREM;500,25625;14,8;20,6;12,7;6,8;9,5;9,5;9,5;9,5
2018;26109506;Regular;482,4994898;31,1;39,6;20;30,2;4,5;4,5;4,5;4,5
2018;26109964;Privada;566,0108108;4;7,3;3;0;5,8;5,8;5,8;5,8
2018;26110091;Privada;571,6741379;6,3;7,5;11,1;2,1;4,9;4,8;4,8;5,1
2018;26110130;Privada;555,8725;11,2;18,3;12,9;0;5,6;5,8;5,5;5,3
2018;26110199;EREM;483,577621;28,5;30,1;31,7;26,1;7;9,5;9,5;4,3
2018;26110229;Regular;496,0369565;34,8;45,5;23,5;33,8;4,5;4,5;4,5;4,5
2018;26110237;Regular;487,4269841;33,7;46,5;27,4;22,9;4,3;4,3;4,3;4,3
2018;26110245;EREM;512,2744048;17,8;19,7;19,6;14,4;8,9;10;10;10
2018;26110270;EREM;519,2060976;13,2;15,8;10,9;10,2;9;9,5;9,5;9,5
2018;26110504;Privada;520,0333333;6,5;4;2,6;12;4,9;4,9;4,9;4,9
2018;26110598;Privada;557,727907;10,4;14,8;9,5;7,4;5;5;4,8;5
2018;26110849;Regular;481,223913;32,7;40,1;31,7;21,9;4,3;4,4;4,3;4,2
2018;26110857;Regular;490,8928771;45,6;53,1;43;41,3;4,1;4,2;4,1;4,1
2018;26110881;EREM;530,161128;4,6;8,6;0,9;4,1;9,5;9,5;9,5;9,5
2018;26110970;Regular;489,8278846;28,3;31,7;32,2;19,3;4,4;4,4;4,5;4,5
2018;26110997;EREM;489,7715812;15,1;22,5;14;6,9;8,9;9,5;9,5;9,5
2018;26111012;EREM;509,6798077;9,5;10,9;11,9;5,3;9,1;9,5;8,2;9,5
2018;26111020;EREM;477,5445122;24,8;30,4;23,5;14,9;9,5;9,5;9,5;9,5
2018;26111071;Regular;500,3388889;22;28,1;21,7;15;4,1;4,3;4,3;4,2
2018;26111195;Regular;492,9031818;27,7;36,6;22,6;21,4;4,5;4,5;4,5;4,5
2018;26111209;EREM;489,8134868;32,5;17,6;28,2;44,9;7;9,5;9,5;4
2018;26111225;EREM;505,3375;10,4;11;8,2;12,9;9,5;9,5;9,5;9,5
2018;26111241;Regular;477,7026786;44;49,7;44,4;36,6;4,5;4,5;4,5;4,5
2018;26111268;Regular;493,0463415;48,5;50;50,3;45;4;4,3;4,2;4
2018;26111314;EREM;498,2483645;23,5;9,3;30,2;22,8;5,5;9,5;4,5;4,5
2018;26111349;Regular;476,9777174;42,2;42;40,1;45,4;4,1;4,3;4,2;3,9
2018;26111357;Regular;489,858046;31,4;34,6;31,6;26;4,4;4,5;4,3;4,2
2018;26111403;EREM;510,3666667;26;25,4;27,5;24,7;9,2;8,7;9,5;9,5
2018;26111411;Regular;483,1915;48,1;47,4;50,5;45,8;4,1;4,3;4,1;3,8
2018;26111853;Regular;481,05;30,5;41,9;28,1;15,4;4,3;4,3;4,2;4,3
2018;26111870;EREM;487,853;13,7;20,2;11,1;8,7;9,5;9,5;9,5;9,5
2018;26111926;EREM;462,8860169;11,4;1,7;18,4;12,3;6;9,5;4,5;4,5
2018;26112108;EREM;508,9402778;14,9;17,2;15,5;11;9,5;9,5;9,5;9,5
2018;26112680;Privada;585,5530612;4,5;6,5;2,7;3,9;6;6;6;6
2018;26112701;EREM;518,5717033;13,8;19,5;13,5;8;9;10;10;10
2018;26113198;Regular;488,0295455;31,3;47,1;29,8;14,8;4,5;4,5;4,5;4,5
2018;26113210;Regular;474,6896429;38,6;41,5;44,9;26,4;4,4;4,5;4,5;4,5
2018;26113236;Regular;494,9054598;53,6;61,9;54,9;39,9;4,3;4,2;4,3;4,2
2018;26113392;EREM;501,5861111;17,6;20,6;16,7;15,3;9,5;9,5;9,5;9,5
2018;26113538;EREM;475,6;36,4;41,4;40,9;25;5,6;10;4,5;4,5
2018;26113635;Regular;493,3601351;41,4;54,5;31,1;42;4,5;4,5;4,5;4,5
2018;26113724;Regular;471,343125;32,7;38;29,2;25,5;4,3;4,1;4,5;4,5
2018;26113783;EREM;475,4671875;16,7;16,9;17,3;15,6;7;7;7;7
2018;26113805;EREM;503,1732843;30,9;36,8;25,8;30,5;5,3;7;4,5;4,5
2018;26113813;Regular;490,8171296;55,9;51,5;50;50,8;4,2;4,5;4,5;4,1
2018;26113929;Regular;471,1811404;56,6;66,4;56,6;36,8;4,1;4,1;4,1;4,1
2018;26113953;EREM;511,1726852;22,7;31,6;20,7;5,8;7;7;7;7
2018;26114607;Regular;480,9345588;31,7;33,3;26,9;36,2;4,2;4,5;4,5;4,5
2018;26114720;EREM;519,8197761;13,5;15,3;16,2;6,8;10;10;10;10
2018;26114860;Regular;490,8505102;43,5;51,2;48,8;22,4;4,5;4,5;4,5;4,5
2018;26115441;Privada;566,5854839;5,9;7,5;5,2;0;4,8;4,8;4,8;4,8
2018;26115883;EREM;512,9107143;11,5;12,6;13,5;7,7;6,3;7;7;4,5
2018;26115913;Regular;480,2376582;33,1;49,4;20,7;21,1;4,3;4,3;4,4;4,3
2018;26115999;EREM;492,25625;21,6;25,5;21,1;16,3;10;10;10;10
2018;26116014;EREM;481,8777027;24,7;35,3;22,4;10,8;10;10;10;10
2018;26116308;Regular;491,2398305;30,2;39,4;29,1;19,5;4,5;4,5;4,5;4,5
2018;26116316;EREM;513,8848837;9,5;14,4;8,1;4,2;10;10;10;10
2018;26116324;EREM;505,6339869;11,8;16,9;9;9;10;10;10;10
2018;26116359;Regular;481,2286667;40,7;53,7;37;22,7;4,2;4,3;4,2;4,1
2018;26116367;Regular;482,5105556;29,6;39,3;29,3;16,5;4,5;4,5;4,5;4,5
2018;26116383;Regular;482,856875;29,5;39,3;27,5;14,1;4,4;4,5;4,5;4,5
2018;26116391;Regular;479,5375;32,7;47,3;24,4;25,8;4,5;4,5;4,5;4,5
2018;26116413;Regular;480,509127;23,2;36,6;14,8;12;4,5;4,5;4,5;4,5
2018;26116499;Privada;560,1151515;7,2;10,3;8,6;2,7;5,3;5,3;5,3;5,3
2018;26116634;EREM;490,1522727;20,9;29,4;23,8;13,8;10;10;10;10
2018;26117045;Regular;498,8918571;24,6;33,6;25,9;13,3;4,5;4,5;4,5;4,5
2018;26117258;Regular;485,7610656;31,2;40,6;28,2;26,1;4,2;4,3;4,2;4,2
2018;26117290;EREM;517,3263158;12,6;17,5;9,3;10,8;9,5;9,5;9,5;9,5
2018;26117991;Privada;628;3,1;2,9;2,6;3,7;5,5;5,5;5,5;5,5
2018;26118149;Privada;571,9955357;4,3;4,2;5,7;3,3;6;6;6;6
2018;26118165;Privada;671,0266854;2,1;1;3,1;2,3;5,3;5,3;5,3;5,3
2018;26118262;Privada;618,6079193;4;9;2,1;1,8;5,3;5,2;5,3;5,3
2018;26118742;EREM;515,7498563;10,4;10,4;11;9,6;9,5;9,5;9,5;9,5
2018;26119730;Regular;674,5819444;7,2;2,6;14,3;5,3;5,3;5,3;5,3;5,3
2018;26120100;Regular;500,785;43,3;43,4;39,1;49,1;4,2;4,3;4,4;4,2
2018;26120208;Privada;522,7560606;4,8;4,2;5,1;4,8;5,3;5,3;5,3;5,3
2018;26120968;Privada;583,0060484;10,7;11,3;16;6,1;7,7;5,3;5,3;11,3
2018;26120992;Regular;532,2013333;15,4;19,7;12,9;13,6;5,4;5,3;5,5;5,5
2018;26121247;EREM;486,1809783;24,9;35,4;19,1;13,6;9,5;9,5;9,5;9,5
2018;26121310;Regular;515,5483836;19,3;22,9;22,6;14,7;4,5;4,5;4,5;4,5
2018;26121328;Privada;553,5548387;4,9;9,1;2,4;2,7;5,3;5,3;5,3;5,3
2018;26121344;Regular;490,9043253;33,1;36;39,5;22,5;4,8;5,3;4,5;4,5
2018;26121379;Privada;551,9877273;11,1;11,1;13,6;8,3;5,4;5,4;5,3;5,4
2018;26121484;Privada;584,1592593;5,7;8,8;7;1,7;5,9;5,5;5,5;6,5
2018;26121506;Privada;562,5072581;6,7;11,6;7,4;0;5,5;5,5;5,5;5,5
2018;26121514;Privada;572,8321429;8,1;11,5;9,4;2,3;5,4;5,4;5,4;5,4
2018;26121654;EREM;539,9075269;15,4;20,9;11,4;12,7;9,5;9,5;9,5;9,5
2018;26121670;Regular;485,0227273;25,3;27,5;24,2;23,6;5,4;5,6;5,9;5,4
2018;26121751;EREM;511,5440041;12,6;10;16,7;11,8;9,5;9,5;9,5;9,5
2018;26121808;Privada;541,7775641;12,6;17,5;6,9;12,1;5,4;5,4;5,4;5,4
2018;26121816;ETE;558,4878;8,2;9,9;10,2;3,9;9,5;9,5;9,5;9,5
2018;26121921;EREM;522,8557522;18,5;24,3;19,1;4,8;9,5;9,5;9,5;9,5
2018;26121948;Regular;500,7368182;36,3;37,1;27,9;36,3;5,4;5,5;5,5;5,3
2018;26122081;Privada;659,4598333;2,4;3,6;3,7;0;6,1;6,1;6,1;6,1
2018;26122090;Privada;600,1347015;8,2;7,2;10,3;7,4;5,9;5,9;5,9;5,9
2018;26122120;Regular;553,5485955;12;12,9;10,5;12,9;4,7;4,8;4,8;4,8
2018;26122154;Privada;563,0973684;9,5;14,8;2,4;9,5;5,3;5,3;5,3;5,3
2018;26122162;Privada;631,147;4,5;2,8;6,2;4,3;5,5;5,3;5,3;6
2018;26122227;Regular;503,3810078;39,9;35,3;48;37,4;5,2;5,5;5,1;5,1
2018;26122278;Regular;511,9222973;20,6;28,4;20;13,3;5,5;5,5;5,5;5,5
2018;26122510;EREM;489,889881;23,7;25,8;26;18;9,5;9,5;9,5;9,5
2018;26122677;EREM;525,2626316;11,3;13,1;8,7;11,6;9,5;9,5;9,5;9,5
2018;26122685;ETE;555,7875;10,4;10,5;10,8;9,9;9,5;9,5;9,5;9,5
2018;26122839;EREM;507,6934375;17,8;19,5;22,7;8,2;9,5;9,5;9,5;9,5
2018;26122847;EREM;493,8597826;18,4;26,1;16,8;9,2;9,5;9,5;9,5;9,5
2018;26122960;EREM;485,7575472;31,2;39,1;11,3;38,3;4,9;9,5;4,5;4
2018;26123258;EREM;496,6713333;23,2;20,3;29,6;20;9,5;9,5;9,5;9,5
2018;26123282;EREM;504,9284653;18,8;20,5;17,9;17,6;9,5;9,5;9,5;9,5
2018;26123479;EREM;504,0424279;30,4;30;31,8;29,2;5;7;4,3;4,2
2018;26123517;Regular;499,2433594;39,2;45,6;34,6;37,4;4,2;4,5;4,4;4,2
2018;26123576;Regular;506,3969136;21,9;26,4;18,4;21,7;4,5;4,5;4,5;4,3
2018;26123592;EREM;534,6033203;13,5;15,4;14,6;8,8;9,5;9,5;9,5;9,5
2018;26123703;EREM;508,3843434;17,9;25,6;10,5;12,1;9,5;9,5;9,5;9,5
2018;26123819;EREM;505,1551402;18,4;20,7;18,5;14,1;9,2;8,8;9,5;9,5
2018;26124106;Privada;606,9825;5,8;3,3;0;12,8;6;6;6;6
2018;26124190;EREM;532,2347877;8;6,2;10,3;8,1;9,5;9,5;9,5;9,5
2018;26124220;Privada;630,5096831;2,3;1,8;2,2;2,9;4,6;4,6;4,5;4,5
2018;26124297;Federal;697,9166667;0,6;0;1,7;0;5,3;5,3;5,3;5,3
2018;26124432;EREM;495,0849206;35,8;40,5;37,3;19,5;9,5;9,5;9,5;9,5
2018;26124440;Regular;507,6909091;44,4;46,3;48,2;38,1;4,2;4,5;4,3;4,3
2018;26124580;Regular;495,7197059;46;49,1;48,3;38,5;4,2;4,5;4,3;4,2
2018;26124602;EREM;520,4445565;12,1;15,7;9,2;10,8;9,5;9,5;9,5;9,5
2018;26124645;Regular;494,673;48,3;38,4;50,9;53,5;4;4,5;4;3,9
2018;26124653;EREM;487,9425;34,3;26;35,9;39,2;6,2;9,5;7,4;4
2018;26124670;Regular;487,8468137;34,5;32,8;37,3;32,8;4,3;4,5;4,3;4,3
2018;26124696;EREM;494,0361111;19;19,8;20,7;16,1;9,5;9,5;9,5;9,5
2018;26124785;EREM;495,4015385;29,9;40;29,9;9,5;9,5;9,5;9,5;9,5
2018;26125048;EREM;504,5352273;12,9;17,6;11,8;5,7;9,5;9,5;9,5;9,5
2018;26125250;EREM;500,0141304;17,2;16,7;16,8;18;7,1;9,5;9,5;4,5
2018;26125358;Regular;465,1307692;36,7;31,8;28,8;48,2;3,8;4,5;4,5;3,9
2018;26125625;Privada;560,2726852;10,2;17,4;8,6;3,5;4,5;4,5;4,5;4,5
2018;26125641;EREM;515,4672727;24,1;26,5;19,5;22,4;9,5;9,5;9,5;9,5
2018;26125650;Regular;479,4050926;41,6;49,5;28,9;43,8;5,3;5,5;5,5;4,8
2018;26125668;Privada;596,9102941;11,8;14,1;16,3;2,7;5,5;5,5;5,5;5,5
2018;26125757;EREM;530,2654167;16,4;13,6;21,6;13,5;8,9;9,5;9,5;9,5
2018;26125781;EREM;542,1115132;16,7;17,3;17,3;14,8;9,5;9,5;9,5;9,5
2018;26125943;Regular;472,6661765;40,2;50;42;15,1;4,5;4,5;4,5;4,5
2018;26125978;EREM;498,428271;22,8;24;23,6;20,1;7,7;9,5;9,5;9,5
2018;26126010;Regular;485,7217105;46,5;53,3;44,9;38,4;5,5;5,5;5,5;5,5
2018;26126044;EREM;499,2254425;19,6;25,8;17,2;12,9;7,1;9,5;9,5;9,5
2018;26126079;EREM;539,2341667;9,5;10,2;12;6,7;9,5;9,5;9,5;9,5
2018;26126109;EREM;516,6473077;15,7;22;11;7,6;8,1;9,5;9,5;9,5
2018;26126125;Regular;501,0385965;32,9;40,6;31,3;26,1;4,3;4,5;4,5;4,6
2018;26126133;EREM;504,0595794;20,7;27,3;16,2;17,3;9,5;9,5;9,5;9,5
2018;26126141;Regular;477,4176136;29,4;36;25,8;23,8;4,5;4,5;4,5;4,5
2018;26126290;Regular;475,4568841;51,5;59,6;50,4;43,8;5,5;5,5;5,5;5,5
2018;26126613;Regular;482,654878;28,6;35,8;31,1;12,2;5,4;5,5;5,5;5,1
2018;26126621;Regular;489,045977;54,7;57,8;53;52,5;4,7;5;4,7;4,4
2018;26127300;EREM;514,0865385;18,8;18,3;20,4;17,9;9,6;9,7;9,5;9,5
2018;26127334;EREM;513,1725352;16;18,2;21,1;6,7;9,5;9,5;9,5;9,5
2018;26127415;EREM;528,4197368;20,1;19,1;27,4;13,5;9,5;9,5;9,5;9,5
2018;26127431;Regular;490,9971154;42,6;44,4;42,9;40,4;4,1;4,4;4,2;4,1
2018;26127474;Regular;473,2367857;49,6;53,2;47,3;49,2;4;4,5;4,2;4,1
2018;26127512;Regular;483,6310185;43,2;50;32,2;46,4;4,1;4,5;4,5;4,5
2018;26127563;Federal;622,5952479;41,4;38,4;42;41,4;4,8;4,8;4,8;4,8
2018;26127571;Regular;504,7466667;37,8;26,4;31,8;48;4,3;4,5;4,5;4
2018;26127580;Privada;592,6;9,7;6,1;13,3;10;6,2;6,2;6,2;6,2
2018;26127695;Regular;490,7657609;42,7;32,3;48,2;43,2;4,1;4,5;4;3,9
2018;26127741;EREM;473,7483333;21,7;28,3;14,3;18,6;9,5;9,5;9,5;9,5
2018;26127750;Privada;572,1014286;15;18,5;9,1;12,5;4,5;4,5;4,5;4,5
2018;26128101;EREM;511,5938235;9,8;15,2;5,2;8,3;9,5;9,5;9,5;9,5
2018;26128179;Regular;476,9514423;36,2;45,2;30,6;21,7;5,1;5;4,9;5,4
2018;26128403;EREM;502,4276923;20,6;27,1;21,7;9,9;9,5;9,5;9,5;9,5
2018;26128420;Regular;485,0487216;35,7;41,1;38,6;26,6;5,2;5,3;5,1;5,3
2018;26128497;EREM;505,5857692;19,9;29,1;11,3;11,7;6,9;9,5;9,5;9,5
2018;26128527;Regular;480,0076923;43;47,3;41,3;40;4,6;4,7;4,8;4,2
2018;26128594;Regular;490,8523438;40,7;39,7;41,8;40,4;5;5,5;5,5;5,5
2018;26128721;EREM;503,5813679;16,7;17,2;20,7;10,5;8,6;9,5;9,5;9,5
2018;26128853;Privada;555,2682432;7,2;4;12,1;4,5;5,3;5,3;5,3;5,3
2018;26129027;Federal;524,9235075;8,9;3,1;10;15,2;5,7;5,7;5,8;5,3
2018;26129086;EREM;496,4761029;18,1;23,1;12,8;15,2;9,5;9,5;9,5;9,5
2018;26129094;EREM;494,1335366;23,5;31,1;19,7;15,5;10;10;10;10
2018;26129124;Regular;492,9857143;44,1;50;44,4;37;4,3;4,5;4,3;4,2
2018;26129388;EREM;469,6745614;25,4;32,6;19,3;23,7;7,5;9,9;9,5;4,5
2018;26129566;Regular;473,3581169;31,6;45,4;25,7;25,3;4,4;4,5;4,5;4,5
2018;26129817;Regular;485,5744792;34,6;39,8;31,2;31,6;4,3;4,4;4,3;4,2
2018;26129868;ETE;557,9685185;8,6;10,8;10,3;4,1;9,5;9,5;9,5;9,5
2018;26129922;Regular;487,7354027;20,9;23,9;21,3;16,5;4,5;4,5;4,5;4,5
2018;26130114;EREM;532,978125;15,3;22,2;14,2;7,8;10;10;10;10
2018;26130149;Regular;477,9166667;45,9;57,5;43,1;33,8;4,3;4,3;4,3;4,3
2018;26130203;EREM;482,6262821;22,3;25,2;16,9;22,4;9,5;9,5;9,5;9,5
2018;26130319;Regular;470,4905738;35,8;35,5;32,4;38,7;4,3;4,5;4,3;4,1
2018;26130386;Regular;475,8926282;41,1;53,9;36,3;31,3;4,2;4,3;4,3;4,3
2018;26130521;EREM;484,9416667;16,6;21,3;19;9;9,5;9,5;9,5;9,5
2018;26130947;Regular;474,4125;37,4;44,9;36,6;30,2;4,5;4,5;4,5;4,5
2018;26131528;EREM;489,0218254;25,4;32,4;23,5;16,8;9,5;9,5;9,5;9,5
2018;26131668;Regular;480,9906977;34,2;52;34,6;17,2;4,3;4,3;4,3;4,3
2018;26131684;EREM;497,41;7,5;9;9,9;4,5;9,5;9,5;9,5;9,5
2018;26132230;Regular;596,6745968;5;6,5;2,7;5,9;4,5;4,5;4,5;4,5
2018;26132735;EREM;528,1262821;7,1;12,1;6,8;4,1;9,5;9,5;9,5;9,5
2018;26133920;EREM;469,2069444;35,1;34,9;36,2;34,4;8;9,5;8,4;7,2
2018;26133949;EREM;535,0410714;7,6;9,4;6,8;5,5;9,5;9,5;9,5;9,5
2018;26133985;EREM;506,703125;16,7;26,1;17;7,4;9,5;9,5;9,5;9,5
2018;26134085;EREM;547,1314189;8,9;12,3;6,7;4,9;9,5;9,5;9,5;9,5
2018;26135490;Privada;608,3960526;2,4;2,8;2,7;1,7;5,7;5,5;5,5;6
2018;26135555;Regular;486,273913;24;35,1;19,2;16,4;4,5;4,5;4,5;4,5
2018;26136455;EREM;506,9744505;16,8;17;25,2;6,5;9,8;9,7;9,8;10
2018;26136460;EREM;527,0541045;9,6;11,9;8,8;7,8;10;10;10;10
2018;26136489;EREM;500,772191;11,6;11,3;15,9;9,2;7,3;9,6;9,5;4,5
2018;26137149;Regular;496,4607143;20,3;25;25,6;5,9;4,5;4,5;4,5;4,5
2018;26137190;Privada;557,00875;7,2;9,1;11,5;0;4,8;4,8;4,8;4,8
2018;26137255;Privada;565,3794872;6,6;7,7;7,3;5;5,3;5,3;5,3;5,3
2018;26137631;Privada;642,6488014;2,6;2,7;2,2;2,8;5,5;5,5;5,5;5,5
2018;26137950;Privada;591,9891509;8,2;6,5;8;10,2;5,6;5,6;5,6;5,5
2018;26137968;Privada;565,5;3,3;7;3,8;0;5,5;5,3;5,3;6
2018;26138328;Federal;593,3131356;3;3,8;0;6,1;4,8;4,8;4,8;4,8
2018;26138590;Privada;536,4194444;12,9;14,8;14,3;9,8;5,6;5,6;5,6;5,6
2018;26138611;Privada;560,7333333;3,9;7,3;2;2,8;5,6;5,6;5,6;5,6
2018;26138875;Regular;636,1846154;11,1;10,8;11,6;11;5,1;5,1;5,1;5,1
2018;26139618;Federal;613,2694118;12,6;13,8;10,4;13,5;5,2;5,3;5,2;5,2
2018;26140144;EREM;456,9239362;52,5;52,6;49,5;54,7;5,2;8;4,2;4,1
2018;26140870;Privada;523,6685897;12,3;15;9,1;12,4;5,3;5,3;5,3;5,3
2018;26142716;Privada;592,5841346;2;0,9;3,5;2,1;5,3;5,3;5,3;5,3
2018;26142759;Privada;590,1789216;3,4;4,1;5,7;0;4,8;4,8;4,8;4,8
2018;26143330;Privada;564,5147541;4,8;4,1;4,7;5,7;4,9;4,7;4,7;5,3
2018;26144441;Privada;553,7214286;8,7;16,7;3,8;7,1;5,3;5,3;5,3;5,3
2018;26145677;EREM;507,1195652;23,6;37,1;21,7;9,4;9,5;9,5;9,5;9,5
2018;26146967;Regular;458,1619048;18,4;41,8;8,8;9,2;4;2,6;4,5;4,5
2018;26148021;Regular;468,1575;46,6;36,9;57,1;47,5;6,5;7,2;5,6;6,5
2018;26148447;Regular;498,1394531;39,2;43,4;34;38,8;4,1;4,2;4,1;3,9
2018;26151987;Privada;547,9142405;7;7,3;8,6;4,3;5,3;5,3;5,3;5,3
2018;26152630;Privada;625,9619792;3,7;2,1;6,7;2,4;5,8;5,5;5,5;6,3
2018;26152789;Privada;567,1897059;6,5;4,4;8,2;6,3;5,4;5,4;5,4;5,4
2018;26152819;Privada;552,5068182;16,3;17;15,8;15,9;5,3;5,3;5,3;5,3
2018;26152886;Federal;595,8835784;18,7;14,7;28,3;10,9;4,8;4,8;4,8;4,8
2018;26153084;Privada;598,6607955;7,6;12,3;8,2;1,9;5,4;5,4;5,4;5,4
2018;26153742;Regular;491,073431;26,4;45,1;14,2;19,7;4,5;4,5;4,5;4,4
2018;26154803;EREM;473,6927778;23,6;27,1;21,7;21;9,5;9,5;9,5;9,5
2018;26155559;EREM;494,1704167;13,7;18,2;11,4;10,4;9,5;9,5;9,5;9,5
2018;26156202;Privada;643,0399306;5,7;10,2;3,2;1,5;6,3;6,3;6,3;6,3
2018;26156407;Privada;641,2824468;1,7;1;0;4,3;5;5;5;5
2018;26160307;Privada;616,5658654;5,4;7,2;5,2;4,1;5,5;5,5;5,5;5,5
2018;26163039;Privada;655,5639706;1,9;1;3,8;1,4;5,9;5,6;6,1;6
2018;26163624;Privada;631,1790323;14,1;25;7,1;9,4;6,3;6,3;6,3;6,3
2018;26165112;Regular;494,2679348;63,5;45,6;30,4;72,5;4;4,5;4,5;3,7
2018;26165783;Regular;466,5354167;47,7;52,7;43,6;41,7;4,4;4,4;4,5;4,5
2018;26167115;Privada;569,0043103;6,6;9,4;6,8;4;4,8;4,8;4,8;4,8
2018;26167158;Regular;487,9731343;47;57;47,3;29;7,3;7,3;7,3;7,3
2018;26168154;Privada;573,2487805;6,7;7,2;8,5;4;4,8;4,8;4,8;4,8
2018;26168820;Privada;539,0908333;7,3;8,6;5,8;8,1;4,9;4,9;4,8;4,8
2018;26169029;EREM;496,4914474;22,9;30,2;25,6;14,7;7,5;10;8,8;8,5
2018;26169975;Regular;478,5327273;35,9;44,7;27,3;28,8;4,5;4,5;4,5;4,5
2018;26172712;EREM;542,8570064;8,1;9,1;8,7;5,7;9,5;9,5;9,5;9,5
2018;26172852;Privada;559,9735849;4;0;9,1;4,4;5,3;5,3;5,3;5,3
2018;26172860;Privada;635,3356452;2,8;2,3;1,8;4,4;5,8;5,6;5,6;6,2
2018;26172879;Privada;559,6372549;6,9;12,6;3,6;3;4,8;4,8;4,8;4,8
2018;26173280;Privada;619,8169231;3,8;3,7;6;1,5;5,8;5,8;5,8;5,8
2018;26174189;Privada;526,2614583;7;9,2;6,4;5,6;4,5;4,5;4,5;4,5
2018;26174464;EREM;507,6208861;31,1;40,2;24,2;25,5;9,5;9,5;9,5;9,5
2018;26175533;ETE;521,8269841;14,2;13,5;16,3;12,2;9,5;9,5;9,5;9,5
2018;26176203;ETE;526,8692308;8,9;13,5;9,6;3,8;9,5;9,5;9,5;9,5
2018;26176211;ETE;541,4955078;7,7;10,5;6,9;4,7;9,5;9,5;9,5;9,5
2018;26176220;ETE;507,6020588;12,4;7,3;12,5;17,1;9,5;9,5;9,5;9,5
2018;26176238;ETE;567,7640625;7,7;6,9;6,2;10,1;9,5;9,5;9,5;9,5
2018;26176246;ETE;556,2740385;9,9;10,9;8,9;9,8;9,5;9,5;9,5;9,5
2018;26176254;ETE;548,4232394;8,1;10,5;7,2;6,7;9,6;9,7;9,5;9,5
2018;26176262;ETE;526,4348425;8,6;8;9,9;7,9;9,5;9,5;9,5;9,5
2018;26176882;ETE;550,0298986;6,6;8,8;7,3;3,1;9,5;9,5;9,5;9,5
2018;26177013;EREM;521,219898;17;22,6;14;10,8;9,5;9,5;9,5;9,5
2018;26177927;Regular;491,2786517;20,2;26,7;22;12,3;4,3;4,4;4,5;4,4
2018;26178028;EREM;501,9612179;9,6;12,3;8,5;7,6;9,5;9,5;9,5;9,5
2018;26178079;Regular;491,2415;36,4;39,3;34,1;35,6;4,3;4,3;4,3;4,1
2018;26178087;EREM;504,1981707;10,8;9,4;15,1;7,7;9,5;9,5;9,5;9,5
2018;26178095;EREM;526,4956897;9;11,5;10,1;4,2;9,2;9,5;9,5;9,5
2018;26178176;EREM;539,2867486;11,4;15,9;9,2;9,1;9,5;9,5;9,5;9,5
2018;26178192;EREM;556,3572581;8;18,2;2,9;3,1;9,5;9,5;9,5;9,5
2018;26178222;EREM;519,8684211;13,1;20,2;7,8;7,7;9,5;9,6;9,5;9,5
2018;26178230;ETE;594,9154762;3,2;2,3;4,7;2,6;9,5;9,5;9,5;9,5
2018;26178435;EREM;504,9004926;12,4;14,7;11,1;11,3;10;10;10;10
2018;26178656;EREM;525,4271523;9;10,1;11,3;5,4;9,5;9,5;9,5;9,5
2018;26178699;EREM;529,8856688;13,1;17,3;13,7;6,7;9,5;9,5;9,5;9,5
2018;26178702;EREM;514,2896067;11,5;14,3;15,2;4,8;9,5;9,5;9,5;9,5
2018;26179199;Privada;590,0819196;3,8;4,8;3,7;2,6;4,5;4,5;4,5;4,5
2018;26179474;EREM;533,454;10;8,8;11,2;10,3;9,5;9,5;9,5;9,5
2018;26179610;EREM;543,3477848;12,3;12,9;13,3;8,7;9,5;9,5;9,5;9,5
2018;26179806;EREM;552,0677966;4,1;4,2;4,8;3,2;9,5;9,5;9,5;9,5
2018;26179857;ETE;558,5846154;6,8;5,7;8,7;6,1;9,5;9,5;9,5;9,5
2018;26179873;EREM;526,4443396;19,8;28,4;15,9;10,9;9,5;9,5;9,5;9,5
2018;26179997;EREM;496,7501825;9,9;13,7;9;7,3;9,5;9,5;9,5;9,5
2018;26180200;Privada;632,2175;7,7;5,9;9,1;7,7;5,8;5,8;5,8;5,8
2018;26180863;Privada;570,6957547;11,6;19,5;9,7;7;5,2;5,2;5,2;5,2
2018;26181231;Privada;658,7516129;7,2;7;8,3;6,3;5,3;5,3;5,3;5,3
2018;26181266;Privada;592,9279851;8,1;12,8;8,5;1,5;5;5;5;5
2018;26181282;ETE;551,4461832;7,8;9,4;9;4,6;9,5;9,5;9,5;9,5
2018;26181649;EREM;481,3676471;31,6;31,9;35,6;23,5;9,2;9,5;9,5;9,5
2018;26183021;ETE;570,3073529;9,6;8,7;8,3;12,8;9,5;9,5;9,5;9,5
2018;26183030;Regular;485,5631944;37,9;52;32,1;25,6;4,2;4,5;4,5;4,5
2018;26183358;Privada;577,4333333;8;9,7;14,8;0;5,5;5,5;5,5;5,5
2018;26184834;Privada;610,1945122;6,8;9,8;8,6;2,4;5,4;5,4;5,4;5,4
2018;26185059;Regular;462,2107759;30,2;30,8;32,3;26,4;4,2;4,3;4,3;4,2
2018;26185113;ETE;511,3537234;11,5;20,5;7,7;5,5;9,5;9,5;9,5;9,5
2018;26185660;ETE;512,5762626;6;8;4,5;5,1;9,5;9,5;9,5;9,5
2018;26185741;ETE;501,3900794;8;7,1;3,1;18,5;9,5;9,5;9,5;9,5
2018;26185750;ETE;504,4910088;12,2;15,6;7,5;12,4;9,5;9,5;9,5;9,5
2018;26185806;ETE;532,1457692;8,4;10;6,5;8,5;9,5;9,5;9,5;9,5
2018;26185938;ETE;512,9478448;8,7;9;6,2;13,8;9,6;9,5;9,6;10
2018;26185946;ETE;542,3392045;8,2;8,6;7,5;8,5;9,5;9,5;9,5;9,5
2018;26186004;ETE;511,7478723;12,2;15,2;11,3;8,6;9,5;9,5;9,5;9,5
2018;26186225;Privada;616,6889706;0,9;0;1,5;1,4;5,3;5,3;5,3;5,3
2018;26186241;EREM;504,4346154;15,9;18,6;14,5;13,4;9,5;9,5;9,5;9,5
2018;26187353;Privada;633,4140625;2;2;1,4;3,6;5,5;5,5;5,5;5,5
2018;26188031;Privada;610,2044872;5,1;7,2;2;4,8;5,7;5,5;5,5;6,3
2018;26205602;Privada;535,3724359;10,1;14,5;11,1;2,4;5,3;5,3;5,3;5,3
2018;26305615;EREM;491,024537;26,2;29,7;27,8;20,6;8,1;9,5;9,5;9,5
2018;26320614;Privada;540,4928571;12,6;10,3;21,1;10,3;5,3;5,3;5,3;5,3
2018;26323613;Federal;553,5816038;14;15,4;9,1;15;4,8;4,8;4,8;4,8
2018;26408643;EREM;558,8621094;5,5;4,6;4,8;8,8;9,5;9,5;9,5;9,5
2018;26440733;Privada;597,3966667;8,5;4,5;7,5;12,3;5,5;5,5;5,5;5,5
2018;26441713;Privada;521,5945313;14,3;14,7;17,1;11,6;5,3;5,3;5,3;5,3
2018;26525720;ETE;549,8005906;9,2;12,4;5,2;8,8;9,5;9,5;9,5;9,5
2018;26525780;EREM;480,3338889;20,8;23,5;15,2;23,3;8,6;9,5;9,5;9,5
2018;26525798;ETE;520,2898551;6,8;7,2;9;4;9,5;9,5;9,5;9,5
2018;26525801;Regular;546,4586957;6,6;8;5,3;6,1;9,5;9,5;9,5;9,5
2018;26525810;ETE;552,0589552;7,2;7,8;9,5;4;9,5;9,5;9,5;9,5
2018;26525828;ETE;550,4518;7,7;7,7;6;9,5;9,5;9,5;9,5;9,5
2018;26525836;Regular;547,2241803;8;6,5;9,8;8,5;9,5;9,5;9,5;9,5
2018;26525852;EREM;488,7563559;16;16,7;21,2;12;9,5;9,5;9,5;9,5
2018;26525933;ETE;485,5628906;15,1;12,9;18,7;14,2;9,5;9,5;9,5;9,5
2018;26529807;Privada;596,2391667;4,3;6,5;0;7;6,3;6,3;6,3;6,3
2018;26534711;Privada;687,3534884;0,5;0;1,5;0;5,8;5,5;5,5;6,3
2018;26540720;EREM;488,325;6,8;10;10;3,5;9,5;9,5;9,5;9,5
