cod_escola;tp_escola;tp_localizacao;idepe;p_em;nota_lp;nota_mt;nota_saep;in_internet;in_noturno;in_eja;qt_mat_bas;tx_mat_med_int;tx_mat_bas_fem;tx_mat_bas_branca;inse;mha_em;tdi_em
26178435;INTEGRAL;Urbana;5,8;0,99;5,72;5,98;5,85;1;0;0;623;1;0,516853933;0,154093098;4,63;9,5;12,2
26014670;INTEGRAL;Urbana;5,58;0,97;5,66;5,89;5,77;1;0;0;316;1;0,503164557;0,348101266;4,84;9,5;7
26014564;INTEGRAL;Urbana;4,86;0,97;5,02;5;5,01;1;1;1;477;0,65;0,542976939;0,34591195;4,03;9,5;22,8
26540720;INTEGRAL;Urbana;5,88;1;5,41;6,4;5,9;1;0;0;176;1;0,505681818;0,369318182;4,25;9,5;6,3
26044862;INTEGRAL;Urbana;5,02;0,96;5,23;5,18;5,2;1;0;0;367;1;0,57493188;0,144414169;4,02;9,5;24,3
26086905;INTEGRAL;Urbana;5,95;0,99;5,77;6,22;5,99;1;0;0;463;1;0,507559395;0,272138229;4,32;9,5;17,3
26082179;INTEGRAL;Urbana;4,98;0,98;5,07;5,11;5,09;1;0;0;556;1;0,552158273;0,35971223;4,2;9,5;15,8
26001624;INTEGRAL;Urbana;4,42;0,93;4,48;4,99;4,73;1;1;0;417;0,28;0,589928058;0,199040767;4,05;6,3;12,9
26179474;INTEGRAL;Urbana;5,78;0,96;5,92;6,05;5,99;1;0;0;490;1;0,608163265;0,216326531;4,7;9,5;9,2
26000741;INTEGRAL;Urbana;4,85;0,96;5,14;4,98;5,06;1;1;0;569;0,56;0,553602812;0,065026362;3,93;7,1;21,9
26178699;INTEGRAL;Urbana;5,27;0,98;5,57;5,23;5,4;1;0;0;717;1;0,566248257;0,064156206;4,77;9,5;15,1
26024675;INTEGRAL;Urbana;4,68;0,96;4,91;4,82;4,87;1;0;0;433;1;0,501154734;0,154734411;4,56;9,5;20,8
26097710;INTEGRAL;Rural;6,16;0,91;6,11;7,41;6,76;1;0;0;160;0,75;0,5;0,20625;4,14;9,6;35,8
26097257;INTEGRAL;Rural;5,44;0,91;5,63;6,37;6;1;0;0;488;1;0,579918033;0,211065574;4,62;9,5;10,5
26039702;INTEGRAL;Urbana;5,52;0,89;5,56;6,79;6,17;1;0;0;246;1;0,524390244;0,085365854;4,43;9,5;16,7
26050048;INTEGRAL;Urbana;5,07;0,88;5,37;6,16;5,76;1;1;1;219;0,44;0,465753425;0,146118721;4,07;9,5;45,4
26179873;INTEGRAL;Rural;5,55;0,91;5,61;6,52;6,07;1;1;1;612;0,78;0,540849673;0,264705882;4,6;9,5;20,3
26051761;INTEGRAL;Urbana;4,81;0,91;5,11;5,43;5,27;1;0;0;341;0,65;0,53372434;0,425219941;4,63;9,5;22,4
26177013;INTEGRAL;Urbana;4,78;0,91;5,36;5,1;5,23;1;0;0;418;1;0,581339713;0,392344498;4,82;9,5;14,8
26072254;INTEGRAL;Urbana;5,09;0,98;5,03;5,39;5,21;1;0;0;511;1;0,545988258;0,201565558;4,25;9,5;25
26067137;INTEGRAL;Urbana;5,23;0,91;5,46;6,02;5,74;1;1;1;386;0,81;0,471502591;0,375647668;4,18;9,5;18,8
26083159;INTEGRAL;Urbana;5,48;0,95;5,4;6,11;5,75;1;1;1;589;0,81;0,546689304;0,395585739;4,21;9,5;7,9
26045745;INTEGRAL;Urbana;4,34;0,97;4,37;4,56;4,46;1;0;0;477;1;0,57442348;0,044025157;3,68;9,5;32,3
26178087;INTEGRAL;Urbana;5,11;0,99;5,11;5,25;5,18;1;0;0;455;1;0,527472527;0,046153846;4,62;9,5;13,2
26129817;INTEGRAL;Urbana;4,1;0,96;4,53;4,03;4,28;1;1;1;634;0,23;0,53785489;0,075709779;4,43;6,2;24
26129922;INTEGRAL;Urbana;4,7;0,98;4,85;4,78;4,82;1;1;1;1061;0,13;0,456173421;0,066918002;4,3;5,6;16,2
26031272;INTEGRAL;Urbana;5,68;0,98;5,64;5,92;5,78;1;1;1;646;0,9;0,606811146;0,049535604;4,56;9,5;6,5
26107937;INTEGRAL;Rural;4,93;0,98;5,37;4,73;5,05;1;1;1;389;0,72;0,488431877;0,123393316;4,62;9,5;16,3
26108038;INTEGRAL;Rural;4,84;0,98;4,92;4,95;4,93;1;0;0;394;1;0,54822335;0,129441624;4,85;9,5;8,9
26074311;INTEGRAL;Urbana;4,79;0,93;5,17;5,12;5,15;1;0;0;207;1;0,54589372;0,241545894;4,24;9,5;28
26016028;INTEGRAL;Urbana;6,89;0,99;6,54;7,38;6,96;1;0;0;343;1;0,61516035;0,311953353;4,5;9,5;4,4
26088282;INTEGRAL;Urbana;4,83;0,97;4,88;5,05;4,96;1;0;0;549;1;0,573770492;0,236794171;4,28;9,5;11,3
26087928;INTEGRAL;Urbana;5,74;0,98;5,42;6,24;5,83;1;1;1;637;0,52;0,483516484;0,199372057;4,33;9,5;20,6
26054027;INTEGRAL;Urbana;5,38;0,97;5,52;5,56;5,54;1;1;1;704;0,66;0,555397727;0,348011364;4,89;9,5;10,8
26054043;INTEGRAL;Urbana;6,07;0,95;5,9;6,95;6,42;1;1;1;642;0,69;0,568535826;0,199376947;4,92;9,5;8,8
26053853;INTEGRAL;Urbana;5,06;0,95;5,38;5,27;5,33;1;1;1;327;0,9;0,535168196;0,354740061;4,79;9,5;13,3
26054876;INTEGRAL;Urbana;3,88;0,9;4,39;4,19;4,29;1;1;1;686;0,3;0,543731778;0,221574344;4,35;6;29,1
26065568;INTEGRAL;Urbana;6,83;0,99;6,79;7;6,9;1;1;1;458;0,67;0,482532751;0,259825328;3,76;9,1;25
26098270;INTEGRAL;Urbana;4,03;0,95;4,3;4,22;4,26;1;1;1;190;0,36;0,547368421;0,142105263;3,98;6,9;37,6
26093219;INTEGRAL;Urbana;4,26;0,89;4,78;4,74;4,76;1;1;1;699;0,45;0,530758226;0,052932761;3,94;7,6;30
26088410;INTEGRAL;Urbana;5,88;0,96;5,93;6,39;6,16;1;0;0;394;1;0,545685279;0,065989848;4,22;9,5;14,7
26074907;INTEGRAL;Urbana;5,56;1;5,54;5,61;5,57;1;0;0;276;1;0,550724638;0,398550725;3,83;9,5;23,6
26067803;INTEGRAL;Urbana;5,97;0,98;5,58;6,57;6,07;1;1;1;535;0,81;0,527102804;0,398130841;3,93;9,5;26
26084201;INTEGRAL;Urbana;5,32;0,98;5,37;5,52;5,44;1;1;1;463;0,74;0,531317495;0,3174946;4,51;9,5;13,8
26026627;INTEGRAL;Urbana;4,81;0,97;4,89;5,06;4,98;1;0;0;679;1;0,552282769;0,187039764;4,23;9,5;8,4
26033356;INTEGRAL;Urbana;5,25;0,97;5,31;5,47;5,39;1;1;1;553;0,83;0,528028933;0,336347197;4,12;9,5;9,2
26068427;INTEGRAL;Urbana;5,34;0,98;5,21;5,7;5,45;1;1;0;525;0,82;0,540952381;0,186666667;4,15;8,4;8,4
26040948;INTEGRAL;Urbana;7,57;0,99;7,14;8,1;7,62;1;1;1;460;0,48;0,495652174;0,089130435;4,28;9,5;24,8
26040956;INTEGRAL;Urbana;4,89;0,98;5,25;4,73;4,99;1;1;1;409;0,47;0,569682152;0,124694377;4,28;8,6;26,4
26178702;INTEGRAL;Urbana;5,7;0,99;5,79;5,75;5,77;1;0;0;194;1;0,530927835;0,386597938;5,08;9,5;10,3
26075903;INTEGRAL;Urbana;5,49;0,95;5,58;5,93;5,75;1;0;0;232;1;0,556034483;0,211206897;4,62;9,5;13,8
26076250;INTEGRAL;Urbana;5,04;1;5,16;4,93;5,04;1;1;1;276;0,32;0,503623188;0,137681159;4,27;9,5;29,2
26093570;INTEGRAL;Urbana;5,43;0,99;5,38;5,63;5,5;1;0;0;367;1;0,57493188;0,269754768;4,15;9,5;8,4
26088851;INTEGRAL;Urbana;5;0,96;5,1;5,31;5,21;1;0;0;483;1;0,565217391;0,138716356;4,43;9,5;20,1
26088894;INTEGRAL;Urbana;4,69;0,97;4,72;4,97;4,84;1;1;1;618;0,46;0,464401294;0,056634304;4,04;8,7;33,2
26525780;INTEGRAL;Urbana;5;0,94;5,02;5,63;5,33;1;1;0;298;0,85;0,543624161;0,033557047;3,85;8,7;18,6
26056623;INTEGRAL;Urbana;4,63;0,94;4,96;4,87;4,92;1;1;1;496;0,58;0,556451613;0,346774194;4,26;9,5;23,3
26056577;INTEGRAL;Urbana;4,83;0,96;5,06;5,03;5,04;1;0;0;627;1;0,5215311;0,397129187;4,32;9,5;18,3
26027828;INTEGRAL;Urbana;6,48;0,99;5,33;7,7;6,51;1;1;0;573;0,78;0,568935428;0,071553229;4,17;8,2;10,7
26106060;INTEGRAL;Urbana;6,02;0,96;5,88;6,72;6,3;1;0;0;513;0,69;0,504873294;0,087719298;4,44;9,5;14,4
26178028;INTEGRAL;Urbana;5,51;0,96;5,47;6,01;5,74;1;0;0;449;1;0,55233853;0,008908686;4,59;9,5;10,2
26131692;INTEGRAL;Rural;4,03;0,99;3,88;4,22;4,05;1;1;1;397;0,49;0,481108312;0,042821159;4,48;9,5;32
26004518;INTEGRAL;Urbana;5,32;0,96;5,32;5,79;5,56;1;0;0;354;1;0,556497175;0,048022599;4,31;9,5;12,4
26041910;INTEGRAL;Urbana;5,84;1;5,65;6,03;5,84;1;1;1;374;0,47;0,534759358;0,050802139;4,12;9,5;35,6
26047187;INTEGRAL;Urbana;4,91;0,96;5,11;5,12;5,12;1;1;1;602;0,78;0,581395349;0,252491694;4,11;9,5;24
26089505;INTEGRAL;Urbana;5,48;0,96;5,75;5,64;5,7;1;0;0;493;1;0,545638945;0,255578093;4,74;9,5;10,3
26018314;INTEGRAL;Urbana;5,46;0,95;5,49;5,95;5,72;1;1;1;471;0,67;0,566878981;0,165605096;4,22;9,5;17,5
26106388;INTEGRAL;Urbana;5,02;0,96;5,3;5,14;5,22;1;0;0;478;1;0,531380753;0,184100418;4,61;9,5;10,9
26525852;INTEGRAL;Urbana;4,56;0,95;4,75;4,83;4,79;0;0;0;188;1;0,489361702;0,085106383;4,22;9,5;22,3
26110881;INTEGRAL;Urbana;5,83;0,99;5,46;6,29;5,88;1;0;0;596;1;0,546979866;0,187919463;4,81;9,5;4
26111012;INTEGRAL;Urbana;5,59;0,99;5,65;5,65;5,65;1;0;0;374;0,88;0,540106952;0,093582888;4,67;9;8,3
26110199;INTEGRAL;Urbana;4,56;0,98;4,58;4,7;4,64;1;1;1;502;0,71;0,482071713;0,067729084;4,11;9,5;23,8
26111209;INTEGRAL;Rural;4,28;0,9;4,72;4,8;4,76;1;1;1;477;0,65;0,532494759;0,077568134;4,21;9,5;21,5
26111314;INTEGRAL;Urbana;3,85;0,95;4,26;3,84;4,05;1;0;0;413;0,49;0,556900726;0,324455206;4,62;7;16,7
26109468;INTEGRAL;Rural;5,34;0,99;5,27;5,48;5,38;1;0;0;309;1;0,491909385;0,009708738;4,59;9,5;13,9
26111241;INTEGRAL;Urbana;3,63;0,88;4,41;3,82;4,12;1;1;1;584;0,22;0,506849315;0,099315068;4,51;6,2;33,6
26108801;INTEGRAL;Rural;4,36;0,97;4,48;4,53;4,51;1;1;1;669;0,15;0,503736921;0,083707025;4,61;6,6;19,7
26057743;INTEGRAL;Urbana;4,86;0,97;4,94;5,04;4,99;1;1;1;511;0,73;0,581213307;0,273972603;3,94;9,5;22,4
26068729;INTEGRAL;Urbana;6,9;0,98;6,3;7,8;7,05;1;0;0;509;1;0,587426326;0,398821218;4,19;9,5;13,4
26068877;INTEGRAL;Urbana;6,67;0,99;5,82;7,67;6,75;1;1;1;529;0,25;0,502835539;0,187145558;3,69;6,2;22,1
26174464;INTEGRAL;Urbana;5,22;0,99;5;5,55;5,28;1;1;1;562;0,75;0,523131673;0,307829181;3,88;9,2;21
26084791;INTEGRAL;Urbana;5,08;0,95;5,11;5,61;5,36;1;1;1;457;0,74;0,490153173;0,286652079;4,12;9,5;22,3
26155559;INTEGRAL;Rural;5,26;0,98;5,23;5,53;5,38;1;1;1;476;0,83;0,573529412;0,052521008;4,17;9,5;16,3
26078805;INTEGRAL;Urbana;5,7;0,95;5,68;6,37;6,03;1;0;0;379;1;0,591029024;0,303430079;4,46;9,2;10,8
26069318;INTEGRAL;Urbana;5,35;0,96;5,54;5,56;5,55;1;0;0;411;1;0,545012165;0,255474453;4,51;9,5;20,4
26069210;INTEGRAL;Urbana;5,13;0,97;5,11;5,52;5,32;1;0;0;440;0,59;0,515909091;0,327272727;4,24;7,5;24,5
26090406;INTEGRAL;Urbana;4,06;0,95;4,17;4,39;4,28;1;1;1;667;0,31;0,506746627;0,16191904;3,91;7,3;22,3
26408643;INTEGRAL;Urbana;6,3;0,97;6,21;6,73;6,47;1;0;0;386;1;0,582901554;0,31865285;4,67;9,5;5,4
26111870;INTEGRAL;Urbana;4,65;0,95;5,16;4,6;4,88;1;1;1;580;0,58;0,481034483;0,1;4,4;9,5;16,6
26111926;INTEGRAL;Urbana;4,15;0,97;4,39;4,12;4,25;1;1;1;487;0,43;0,492813142;0,078028747;4,06;7,6;6,8
26090902;INTEGRAL;Urbana;6,57;0,95;6,38;7,47;6,93;1;0;0;465;1;0,569892473;0,11827957;4,57;9,5;8,2
26090910;INTEGRAL;Urbana;5,04;0,98;4,82;5,51;5,16;1;0;0;240;1;0,558333333;0,1375;4,23;9,5;25,4
26113392;INTEGRAL;Urbana;6,79;0,97;6,71;7,27;6,99;1;0;0;196;1;0,5;0,06122449;4,48;9,5;20,9
26113538;INTEGRAL;Urbana;3,8;0,97;4,2;3,63;3,91;1;1;0;674;0,3;0,522255193;0,054896142;4,42;6,7;26,2
26114720;INTEGRAL;Urbana;5,98;0,95;5,81;6,81;6,31;1;0;0;304;1;0,493421053;0,157894737;4,92;9,5;12,8
26136460;INTEGRAL;Urbana;4,63;0,91;5,38;4,85;5,11;1;0;0;771;1;0,591439689;0,160830091;4,86;9,5;9,3
26135555;INTEGRAL;Urbana;4,26;0,96;4,79;4,09;4,44;1;1;1;571;0,12;0,490367776;0,077057793;4,58;5,8;15,7
26113856;INTEGRAL;Urbana;3,25;0,94;3,58;3,35;3,46;1;1;1;759;0,16;0,567852437;0,143610013;4,6;6,8;24,6
26070260;INTEGRAL;Urbana;6,81;0,98;6,21;7,67;6,94;1;0;0;510;1;0,560784314;0,252941176;4,32;9,5;7,8
26033364;INTEGRAL;Urbana;5,36;0,95;5,29;6,02;5,65;1;1;0;270;0,83;0,488888889;0,022222222;4,05;8,4;14,7
26005115;INTEGRAL;Urbana;5,48;1;5,46;5,5;5,48;1;0;0;300;1;0,586666667;0,023333333;4,49;9,5;8,3
26101602;INTEGRAL;Urbana;4,83;1;4,87;4,78;4,83;1;0;0;91;1;0,428571429;0,21978022;3,89;9,5;42,9
26178222;INTEGRAL;Urbana;5,97;0,95;5,79;6,71;6,25;1;0;0;521;1;0,591170825;0,251439539;4,87;9,5;9,4
26178656;INTEGRAL;Urbana;5,48;0,95;5,42;6,11;5,76;1;0;0;619;1;0,583198708;0,345718901;4,65;9,5;8,9
26079739;INTEGRAL;Urbana;4,23;0,94;4,41;4,62;4,52;1;1;1;621;0,47;0,516908213;0,549114332;4,04;6,9;31
26010151;INTEGRAL;Urbana;5,23;0,99;5,3;5,22;5,26;1;1;0;416;0,83;0,490384615;0,235576923;4,33;8,5;9,8
26070880;INTEGRAL;Urbana;5,81;0,98;5,67;6,15;5,91;1;1;1;400;0,81;0,52;0,3375;4,15;9,5;10,5
26091259;INTEGRAL;Urbana;4,77;0,98;4,82;4,88;4,85;1;0;0;418;1;0,54784689;0,09569378;4,15;9,5;24,4
26136489;INTEGRAL;Urbana;5,25;1;5,33;5,17;5,25;1;1;1;561;0,68;0,50802139;0,081996435;4,74;8,6;12,9
26116316;INTEGRAL;Urbana;4,88;0,98;4,94;4,99;4,97;1;1;1;732;0,5;0,510928962;0,103825137;4,66;9,5;13,2
26115913;INTEGRAL;Urbana;4,65;1;4,88;4,46;4,67;1;1;1;762;0,18;0,530183727;0,081364829;4,45;6,1;25,6
26116413;INTEGRAL;Urbana;3,82;0,97;4,17;3,71;3,94;1;1;1;825;0,11;0,486060606;0,136969697;4,81;6;12,5
26058430;INTEGRAL;Urbana;5,98;1;5,26;6,75;6;1;0;0;508;1;0,535433071;0,183070866;4,31;9,5;11,8
26042037;INTEGRAL;Urbana;4,65;0,93;4,94;5,07;5,01;1;1;1;331;0,86;0,561933535;0,081570997;4,48;9,5;24,6
26042070;INTEGRAL;Urbana;5,98;0,99;5,88;6,2;6,04;1;0;0;483;1;0,532091097;0,109730849;4,72;9,5;7,2
26178095;INTEGRAL;Urbana;5,67;0,97;5,74;5,98;5,86;1;1;0;783;0,95;0,542784163;0,187739464;4,98;9,2;9
26034336;INTEGRAL;Urbana;5,31;0,97;5,43;5,54;5,48;1;0;0;192;1;0,53125;0,135416667;4,59;9,5;18,8
26035600;INTEGRAL;Urbana;5,5;0,98;5,34;5,95;5,64;1;0;0;309;1;0,553398058;0,213592233;4,72;9,5;19,1
26036118;INTEGRAL;Urbana;5,06;0,94;5,28;5,51;5,39;1;1;1;379;0,72;0,53298153;0,139841689;4,27;9,5;24,8
26035049;INTEGRAL;Urbana;5,1;0,95;5,3;5,4;5,35;1;0;0;199;1;0,462311558;0,180904523;4,63;9,5;18,6
26035120;INTEGRAL;Urbana;5,71;0,98;5,49;6,14;5,82;1;0;0;478;1;0,566945607;0,081589958;4,92;9,5;8,8
26126079;INTEGRAL;Urbana;5,59;0,98;5,83;5,62;5,72;1;0;0;322;0,87;0,531055901;0,149068323;4,76;8,8;9,9
26122510;INTEGRAL;Urbana;4,56;0,97;4,82;4,61;4,71;1;1;1;621;0,65;0,510466989;0,112721417;4,42;9,5;23,3
26128101;INTEGRAL;Urbana;4,99;0,91;5,63;5,35;5,49;1;0;0;328;1;0,557926829;0,152439024;4,71;9,5;11
26172712;INTEGRAL;Urbana;6,04;0,98;6,2;6,18;6,19;1;0;0;687;1;0,580786026;0,192139738;5,08;9,5;7,4
26121751;INTEGRAL;Urbana;5,15;0,98;5,38;5,11;5,25;1;0;0;637;1;0,59811617;0,114599686;4,87;9,5;11,1
26125048;INTEGRAL;Urbana;5,11;0,95;5,33;5,4;5,36;1;1;1;890;0,65;0,506741573;0,164044944;4,46;9,5;12,5
26124653;INTEGRAL;Urbana;4,76;0,98;5,03;4,64;4,84;1;1;0;602;0,75;0,481727575;0,139534884;4,53;7,9;17,1
26123258;INTEGRAL;Urbana;4,86;0,91;5,16;5,52;5,34;1;1;1;547;0,64;0,539305302;0,204753199;4,33;9,5;23,1
26179610;INTEGRAL;Urbana;5,25;0,93;5,71;5,55;5,63;1;0;0;501;1;0,556886228;0,111776447;4,91;9,5;12,6
26127415;INTEGRAL;Urbana;4,82;0,94;5,36;4,86;5,11;1;1;1;374;0,73;0,526737968;0,152406417;4,63;9,5;22,3
26122839;INTEGRAL;Urbana;4,5;0,93;5,12;4,53;4,82;1;1;1;497;0,72;0,561368209;0,179074447;4,5;9,5;13,3
26128403;INTEGRAL;Urbana;4,31;0,99;4,75;3,99;4,37;1;0;0;299;1;0,538461538;0,120401338;4,44;9,5;22,4
26128497;INTEGRAL;Urbana;5,38;0,98;5,11;5,91;5,51;1;1;0;506;0,7;0,468379447;0,100790514;4,67;7,6;15,3
26125757;INTEGRAL;Urbana;5,25;0,94;5,54;5,62;5,58;1;1;0;303;0,87;0,495049505;0,122112211;4,8;8,7;16,7
26125250;INTEGRAL;Urbana;4,75;0,91;5,24;5,15;5,19;1;1;0;675;0,92;0,539259259;0,182222222;4,74;9;14,7
26123592;INTEGRAL;Urbana;5,68;0,98;5,49;6,11;5,8;1;1;1;824;0,68;0,513349515;0,22815534;4,72;9,5;13,2
26122677;INTEGRAL;Urbana;5,36;0,97;5,71;5,29;5,5;1;0;0;361;1;0,537396122;0,218836565;5;9,5;10,5
26124190;INTEGRAL;Urbana;5,29;0,95;5,64;5,45;5,54;1;1;1;869;0,82;0,533947066;0,243958573;4,91;9,5;8,4
26118742;INTEGRAL;Urbana;4,94;0,94;5,25;5,27;5,26;1;0;0;756;1;0,551587302;0,162698413;4,72;9,5;12,4
26125781;INTEGRAL;Urbana;5,16;0,89;5,69;5,86;5,77;1;0;0;357;1;0,532212885;0,145658263;4,95;9,5;18,5
26122960;INTEGRAL;Urbana;4,49;0,95;4,82;4,66;4,74;1;1;0;561;0,41;0,534759358;0,065953654;4,39;6,1;23,6
26121670;INTEGRAL;Urbana;3,72;0,92;4,25;3,78;4,02;1;1;1;686;0,08;0,491253644;0,10787172;4,37;5;17
26122278;INTEGRAL;Urbana;4,88;0,99;5,04;4,8;4,92;1;0;0;418;0,11;0,519138756;0,160287081;4,96;5,5;20,5
26126613;INTEGRAL;Urbana;3,38;0,95;3,77;3,37;3,57;1;1;1;889;0,14;0,483689539;0,103487064;4,5;6,3;24,5
26103745;INTEGRAL;Urbana;5,58;0,96;5,67;5,98;5,82;1;0;0;271;1;0,494464945;0,051660517;4,38;9,5;16,6
26086077;INTEGRAL;Urbana;4,89;0,98;5,17;4,82;5;1;1;1;376;0,78;0,489361702;0,553191489;3,92;9,5;19,7
26305615;INTEGRAL;Urbana;7,01;0,99;6,5;7,66;7,08;1;1;0;232;0,75;0,586206897;0,172413793;3,79;8;19
26011069;INTEGRAL;Urbana;6,43;0,99;6,25;6,73;6,49;1;1;0;621;0,97;0,54589372;0,233494364;4,84;9,3;3
26011611;INTEGRAL;Urbana;5,28;1;5,01;5,56;5,29;1;1;1;586;0,63;0,464163823;0,109215017;4,16;8,3;24,6
26179806;INTEGRAL;Urbana;6,71;0,99;6,42;7,13;6,78;1;0;0;542;1;0,575645756;0,197416974;4,87;9,5;4,8
26080516;INTEGRAL;Urbana;4,76;0,97;4,55;5,3;4,93;1;1;1;634;0,56;0,515772871;0,09148265;3,99;7,7;30,9
26063905;INTEGRAL;Urbana;5,37;0,97;5,5;5,61;5,56;1;1;1;807;0,6;0,539033457;0,211895911;4,52;9,5;14,3
26140144;INTEGRAL;Rural;3,2;0,89;3,57;3,66;3,61;1;1;0;633;0,34;0,503949447;0,014218009;4,08;6,6;33,3
26179997;INTEGRAL;Urbana;5,49;0,97;5,45;5,89;5,67;1;0;0;351;1;0,615384615;0,122507123;4,46;9,5;10
26366614;INTEGRAL;Urbana;5,05;0,96;5,45;5,02;5,24;1;0;0;268;1;0,597014925;0,402985075;4,42;9,5;22,4
26062410;INTEGRAL;Urbana;5,34;0,99;5,43;5,37;5,4;1;1;1;765;0,74;0,549019608;0,269281046;4,43;9,5;7,4
26104229;INTEGRAL;Urbana;5,45;0,99;5,14;5,84;5,49;1;0;0;392;1;0,543367347;0,137755102;4,6;9,5;8,7
26012359;INTEGRAL;Urbana;5,37;0,99;5,37;5,52;5,45;1;0;0;581;1;0,516351119;0,142857143;4,37;9,5;16,2
26019922;INTEGRAL;Urbana;6,6;0,99;6,12;7,21;6,67;1;0;0;388;1;0,567010309;0,409793814;4,56;9,5;5,4
26129086;INTEGRAL;Urbana;4,67;0,93;4,98;5,09;5,04;1;0;0;564;0,95;0,476950355;0,219858156;4,59;9,5;19,5
26129388;INTEGRAL;Urbana;3,9;0,97;4,22;3,84;4,03;1;0;0;332;1;0,493975904;0,189759036;4,26;9,5;29,8
26021927;INTEGRAL;Urbana;5,34;0,98;5,05;5,89;5,47;1;1;1;415;0,57;0,518072289;0,260240964;4,52;9,5;19,9
26178192;INTEGRAL;Urbana;5,31;0,88;5,73;6,34;6,04;1;0;0;405;1;0,560493827;0,138271605;5,03;9,5;8,4
26021900;INTEGRAL;Urbana;3,06;0,73;4,09;4,34;4,21;1;1;1;572;0,36;0,47027972;0,13986014;4,08;6,9;31,7
26029910;INTEGRAL;Urbana;5,01;0,96;5,12;5,3;5,21;0;0;0;672;1;0,546130952;0,349702381;4,49;9,5;16,5
26104920;INTEGRAL;Urbana;5,26;0,97;5,55;5,25;5,4;1;0;0;558;1;0,571684588;0,02688172;4,35;9,5;18,5
26064618;INTEGRAL;Urbana;5,6;0,91;5,73;6,57;6,15;1;0;0;239;1;0,60251046;0,083682008;4,58;9,5;21,3
26133949;INTEGRAL;Urbana;6,94;1;6,42;7,46;6,94;1;0;0;337;1;0,581602374;0,056379822;4,25;9,7;8,3
26063310;INTEGRAL;Urbana;5,04;0,92;5,03;5,92;5,48;1;1;1;328;0,71;0,567073171;0,243902439;4,08;9,5;18,1
26043335;INTEGRAL;Urbana;7,46;0,97;6,73;8,62;7,68;1;0;0;338;1;0,576923077;0,171597633;4,22;9,5;5,9
26178176;INTEGRAL;Urbana;5,78;0,97;5,78;6,18;5,98;1;0;0;652;1;0,533742331;0,292944785;4,59;9,5;11,2
26091720;INTEGRAL;Urbana;4,85;0,97;4,76;5,25;5;1;1;0;479;0,87;0,557411273;0,146137787;3,81;8,8;18,4
26091828;INTEGRAL;Urbana;4,31;0,93;4,56;4,7;4,63;1;0;0;492;1;0,526422764;0,164634146;3,82;9,5;38,8
26092301;INTEGRAL;Urbana;6,01;0,94;5,86;6,91;6,39;1;0;0;311;1;0,627009646;0,096463023;4,11;9,5;19,9
26134085;INTEGRAL;Urbana;5,82;0,93;6,06;6,46;6,26;1;0;0;396;1;0,603535354;0,138888889;4,69;9,5;8,8
26024551;INTEGRAL;Urbana;6,56;0,97;5,92;7,57;6,74;1;0;0;205;1;0,502439024;0,27804878;4,6;9,5;11,2
26145677;INTEGRAL;Urbana;5,48;0,99;5,34;5,68;5,51;1;1;1;227;0,67;0,603524229;0,453744493;3,97;9,5;25,5
26066572;INTEGRAL;Urbana;5,59;0,95;5,67;6,09;5,88;1;1;1;590;0,79;0,544067797;0,394915254;4,74;8,7;12,2
26092786;INTEGRAL;Urbana;5,08;0,97;5,24;5,28;5,26;1;0;0;379;1;0,596306069;0,324538259;4,28;9,5;13,2
26092492;INTEGRAL;Urbana;3,83;0,97;4,06;3,82;3,94;1;1;1;675;0,55;0,493333333;0,17037037;4,04;9,2;38,5
26094860;INTEGRAL;Urbana;4,49;0,96;5,31;4,03;4,67;1;1;1;601;0,26;0,510815308;0,171381032;4,45;8,4;32,8
26095335;INTEGRAL;Urbana;4,32;0,94;4,78;4,4;4,59;1;1;1;449;0,61;0,530066815;0,135857461;4,15;9,5;27,3
26106582;REGULAR;Urbana;3,1;0,85;3,72;3,61;3,66;1;1;1;981;0;0,489296636;0,051987768;4,52;4,3;43,6
26106612;REGULAR;Urbana;4,18;0,9;4,94;4,36;4,65;1;1;1;761;0;0,486202365;0,053876478;4,73;4,9;27,9
26106698;REGULAR;Urbana;4,09;0,99;4,14;4,08;4,11;1;1;0;525;0;0,443809524;0,093333333;4,43;3,5;38,9
26106701;REGULAR;Urbana;3,81;0,94;3,79;4,33;4,06;1;1;1;599;0;0,407345576;0,156928214;4,73;4,9;31,3
26106728;REGULAR;Urbana;3,26;0,89;3,89;3,47;3,68;1;1;1;1457;0;0,482498284;0,050102951;4,34;4,5;52,8
26107074;REGULAR;Urbana;2,6;0,65;4,37;3,64;4,01;1;1;1;607;0;0,520593081;0,092257002;4,58;4,9;35,8
26107082;REGULAR;Urbana;4,46;0,96;4,81;4,52;4,67;1;1;1;1005;0;0,449751244;0,141293532;4,56;4,9;42,3
26137149;REGULAR;Urbana;4,66;0,92;5,4;4,69;5,04;1;1;1;817;0;0,490820073;0,06119951;4,77;5,2;17,2
26014572;REGULAR;Urbana;3,75;0,84;4,41;4,47;4,44;1;1;1;677;0;0,46971935;0,283604136;4,05;4,6;33,6
26030950;REGULAR;Urbana;5;0,95;4,71;5,81;5,26;1;1;1;494;0;0,491902834;0,331983806;3,74;4,5;31,9
26187566;REGULAR;Rural;4,21;1;4,29;4,12;4,21;1;1;1;131;0;0,557251908;0,27480916;3,71;4,5;35,8
26096358;REGULAR;Rural;4,44;0,94;4,51;4,89;4,7;1;1;1;381;0;0,587926509;0,078740157;3,84;4,3;46,1
26044412;REGULAR;Urbana;4,17;0,89;4,59;4,77;4,68;1;1;1;1581;0;0,554712207;0,151802657;3,76;4,2;38,6
26087022;REGULAR;Rural;4,16;0,97;4,29;4,32;4,31;1;1;1;2643;0;0,516080212;0,121074537;4,31;4,4;44,9
26087030;REGULAR;Urbana;4,24;0,95;4,64;4,34;4,49;1;1;1;643;0;0,544323484;0,230171073;3,76;4,5;41,1
26082020;REGULAR;Urbana;3,49;0,9;3,85;3,92;3,88;1;1;1;679;0;0,499263623;0,309278351;4,27;4,2;49,4
26097249;REGULAR;Urbana;3,6;0,86;4,23;4,14;4,18;1;1;1;383;0;0,535248042;0,433420366;3,95;4,4;51,1
26000636;REGULAR;Urbana;4,28;1;4;4,6;4,3;1;1;0;557;0;0,535008977;0,080789946;3,87;4,4;26,5
26001594;REGULAR;Urbana;3,9;0,91;4,17;4,37;4,27;1;1;1;583;0;0,51457976;0,085763293;3,69;3,9;34,4
26000792;REGULAR;Urbana;4,16;0,94;4,43;4,39;4,41;1;1;1;1012;0;0,531620553;0,083992095;4,36;4,5;30,2
26001225;REGULAR;Urbana;3,87;0,85;4,53;4,61;4,57;1;0;0;352;0;0,525568182;0,176136364;3,9;4,5;21,5
26001896;REGULAR;Urbana;4,66;0,98;4,71;4,83;4,77;1;0;0;283;0;0,537102473;0,166077739;4,07;4,4;37
26024721;REGULAR;Urbana;3,67;0,96;3,81;3,79;3,8;1;1;1;812;0;0,502463054;0,02955665;4,38;4,1;46,2
26024764;REGULAR;Urbana;3,26;0,87;3,85;3,6;3,72;1;1;0;634;0;0,503154574;0,11829653;4,36;3,3;34,8
26024802;REGULAR;Urbana;3,25;0,82;4,21;3,68;3,94;1;1;1;1055;0;0,483412322;0,069194313;4,36;4,2;43,1
26097354;REGULAR;Urbana;4,9;0,94;4,91;5,56;5,24;0;0;0;221;0;0,502262443;0,162895928;4,28;4,7;52
26097370;REGULAR;Urbana;3,38;0,96;3,53;3,54;3,53;1;0;1;372;0;0,440860215;0,196236559;4,26;4,5;48,6
26097591;REGULAR;Urbana;3,43;0,9;4,04;3,62;3,83;1;1;1;777;0;0,517374517;0,083655084;4,03;4,3;37,3
26040220;REGULAR;Rural;3,21;0,92;3,44;3,52;3,48;1;1;1;68;0;0,573529412;0,176470588;3,51;3,3;56,3
26139120;REGULAR;Rural;3,57;0,97;3,62;3,77;3,7;1;1;0;126;0;0,531746032;0,055555556;3,66;4;48,4
26038935;REGULAR;Urbana;4,23;0,95;4,38;4,51;4,44;1;1;1;809;0;0,452410383;0,0407911;4,56;3,5;60,9
26050064;REGULAR;Urbana;3,21;0,79;4,08;4,08;4,08;1;1;1;862;0;0,567285383;0,163573086;3,83;3,8;64,7
26050200;REGULAR;Urbana;4,65;0,87;5,21;5,43;5,32;1;1;1;487;0;0,558521561;0,240246407;4,2;4,5;42
26051702;REGULAR;Urbana;4,23;0,95;4,47;4,4;4,44;1;1;1;456;0;0,504385965;0,298245614;4,51;3,3;50
26051737;REGULAR;Urbana;4,51;0,94;4,77;4,78;4,78;1;1;1;703;0;0,519203414;0,391180654;3,96;4,3;35,6
26185725;REGULAR;Rural;3,49;0,9;3,98;3,76;3,87;1;1;1;280;0;0,535714286;0,003571429;3,65;4,7;27,4
26001900;REGULAR;Urbana;4,22;0,92;4,67;4,49;4,58;1;1;1;1168;0;0,545376712;0,080479452;4,22;4,5;31,4
26072149;REGULAR;Urbana;3,39;0,84;4,1;3,94;4,02;1;1;1;1638;0;0,537851038;0,111111111;3,71;4,2;45,9
26067552;REGULAR;Urbana;4,56;0,94;4,85;4,89;4,87;1;1;1;521;0;0,527831094;0,266794626;3,77;5,1;27,7
26083493;REGULAR;Urbana;3,7;0,94;3,99;3,9;3,94;1;1;1;911;0;0,497255763;0,142700329;3,96;4,3;31,8
26046040;REGULAR;Urbana;3,53;0,97;3,66;3,64;3,65;1;1;1;1674;0;0,539426523;0,062126643;3,87;4,1;46,4
26130149;REGULAR;Urbana;4,36;0,96;4,7;4,37;4,54;1;1;1;1287;0;0,520590521;0,057498057;4,41;4,3;43
26184699;REGULAR;Rural;3,82;1;3,7;3,95;3,82;1;1;1;181;0;0,640883978;0,055248619;4,02;4,1;43,6
26178079;REGULAR;Urbana;3,7;0,83;4,65;4,28;4,47;1;1;1;812;0;0,493842365;0,171182266;4,4;4,3;37,5
26153742;REGULAR;Rural;4,44;0,96;4,79;4,44;4,62;1;1;1;1248;0;0,508012821;0,092147436;4,38;4,5;25,6
26130386;REGULAR;Urbana;4,8;0,98;4,78;4,99;4,88;1;1;1;1123;0;0,516473731;0,069456812;4,36;4,2;41,1
26130319;REGULAR;Urbana;4,07;0,98;4,37;3,97;4,17;1;1;1;636;0;0,429245283;0,199685535;4,26;4,5;29,5
26032082;REGULAR;Urbana;3,95;0,96;4,29;3,94;4,11;1;1;1;923;0;0,491874323;0,028169014;4,01;4,3;26,7
26031914;REGULAR;Urbana;4,19;1;4,06;4,32;4,19;1;1;0;456;0;0,462719298;0,050438596;3,75;4,4;21,4
26107546;REGULAR;Urbana;3,88;0,99;3,93;3,94;3,93;1;1;1;809;0;0,488257108;0,142150803;4,38;4,9;35,9
26107562;REGULAR;Urbana;4,4;0,97;4,88;4,15;4,52;1;1;1;994;0;0,479879276;0,192152918;4,56;4,9;28,6
26107597;REGULAR;Urbana;3,37;0,88;4,04;3,58;3,81;1;1;1;1604;0;0,452618454;0,119700748;4,55;4,4;36,7
26107600;REGULAR;Urbana;4,23;0,89;5,22;4,34;4,78;1;1;1;1545;0;0,535275081;0,113268608;4,6;4,4;25,5
26108046;REGULAR;Rural;3,95;0,95;4,44;3,87;4,16;1;1;1;559;0;0,461538462;0,039355993;4,67;4,5;47,5
26107651;REGULAR;Urbana;3,34;0,89;4,02;3,52;3,77;1;1;1;1403;0;0,446186743;0,081967213;4,47;4,3;31,5
26107678;REGULAR;Rural;4,21;0,92;4,54;4,59;4,56;1;1;1;1260;0;0,55;0,073809524;4,9;4,3;13,5
26107961;REGULAR;Urbana;3,19;0,91;3,79;3,24;3,52;1;1;1;1057;0;0,503311258;0,033112583;4,31;4,2;46,1
26108275;REGULAR;Urbana;3,54;0,96;4,04;3,32;3,68;1;0;0;373;0;0,380697051;0,053619303;4,54;4,5;29,6
26165112;REGULAR;Urbana;3,45;0,96;3,73;3,41;3,57;1;1;1;883;0;0,517553794;0,065685164;4,63;4,3;46,2
26413817;REGULAR;Urbana;3,18;0,8;4,53;3,47;4;1;1;1;788;0;0,479695431;0,024111675;4,48;4,5;46
26107996;REGULAR;Urbana;4,04;0,94;4,49;4,15;4,32;1;1;1;531;0;0,474576271;0,082862524;4,53;5,1;21,8
26074362;REGULAR;Urbana;4,75;0,97;4,78;5,03;4,9;1;1;1;557;0;0,526032316;0,220825853;4,09;4,4;31,8
26016010;REGULAR;Urbana;3,64;0,68;5,06;5,58;5,32;1;1;1;466;0;0,480686695;0,221030043;3,62;4,3;48,1
26040310;REGULAR;Rural;4,42;0,93;4,01;5,52;4,77;1;0;0;161;0;0,50310559;0;;4,5;51,4
26040824;REGULAR;Rural;3,03;0,77;3,89;4,02;3,96;1;1;1;368;0;0,483695652;0;;4,3;71,6
26139081;REGULAR;Rural;7,6;1;7,08;8,11;7,6;1;1;1;77;0;0,493506494;0,012987013;3,85;3,4;43,3
26040581;REGULAR;Rural;3,26;0,93;3,27;3,71;3,49;1;1;1;331;0;0,465256798;0;;3,3;51,9
26040387;REGULAR;Rural;3,2;0,81;4,2;3,73;3,96;1;1;1;248;0;0,508064516;0;;3,5;56,3
26040530;REGULAR;Rural;2,89;0,72;3,71;4,3;4;1;1;1;131;0;0,427480916;0;;4,3;66,7
26088258;REGULAR;Urbana;4,67;0,9;5,21;5,12;5,17;1;0;0;659;0;0,509863429;0,233687405;5,11;4,5;16,7
26087880;REGULAR;Urbana;3,35;0,9;3,78;3,66;3,72;1;1;1;487;0;0,482546201;0,065708419;4,5;4,5;21,1
26088134;REGULAR;Urbana;3,85;0,94;4,15;4,04;4,09;1;1;1;779;0;0,499358151;0,152759949;4,22;4,8;27,6
26054019;REGULAR;Urbana;3,44;0,88;4,15;3,63;3,89;1;1;1;596;0;0,565436242;0,080536913;4,38;4,4;37,1
26054060;REGULAR;Urbana;3,45;0,88;4,08;3,75;3,92;1;1;1;449;0;0,498886414;0,28285078;4,28;4,1;51
26055210;REGULAR;Urbana;3;0,79;3,67;3,93;3,8;1;1;1;757;0;0,416116248;0,128137384;4,2;3,8;51,2
26054850;REGULAR;Urbana;3,42;0,76;4,63;4,33;4,48;1;1;1;1187;0;0,50126369;0,202190396;4,29;4,1;44,4
26054884;REGULAR;Urbana;3,95;0,9;4,76;4,02;4,39;1;0;0;500;0;0,486;0,268;4,65;4,5;34
26054914;REGULAR;Urbana;5,04;0,93;5,34;5,48;5,41;1;1;1;1919;0;0,538822303;0,156331423;4,5;4,3;36,1
26054825;REGULAR;Urbana;3,23;0,86;3,96;3,58;3,77;1;1;1;834;0;0,529976019;0,324940048;4,3;4,3;45,4
26098415;REGULAR;Rural;4,87;0,98;4,68;5,27;4,97;1;1;1;480;0;0,545833333;0,23125;4,28;4,3;23,6
26098504;REGULAR;Rural;4,42;0,98;4,64;4,37;4,5;1;1;1;170;0;0,447058824;0,023529412;4,13;4,5;52,9
26009323;REGULAR;Urbana;3,53;0,8;4,3;4,58;4,44;1;1;1;313;0;0,498402556;0,166134185;3,98;4,4;49,4
26088533;REGULAR;Urbana;4,45;0,94;4,84;4,65;4,75;1;1;1;657;0;0,488584475;0,083713851;3,85;4,4;50,4
26074923;REGULAR;Urbana;4,27;0,95;4,44;4,54;4,49;1;1;1;354;0;0,536723164;0,293785311;3,67;4,1;65,3
26084040;REGULAR;Urbana;3,78;0,9;4,15;4,28;4,22;1;1;1;810;0;0,564197531;0,407407407;4,1;4,1;33,5
26025981;REGULAR;Urbana;3,97;0,91;4,18;4,59;4,38;1;1;0;1186;0;0,521079258;0,240303541;4,51;3,5;37,3
26033089;REGULAR;Rural;4,3;1;4,13;4,47;4,3;1;1;0;196;0;0,433673469;0,071428571;3,99;3,3;30,1
26099365;REGULAR;Urbana;3,07;0,96;3,26;3,12;3,19;1;1;1;354;0;0,516949153;0,050847458;4,26;4,5;20,6
26099497;REGULAR;Urbana;3,77;0,99;3,8;3,81;3,8;1;1;1;830;0;0,5;0,018072289;3,94;4,3;31,7
26003821;REGULAR;Urbana;3,76;0,88;4,65;3,88;4,27;1;1;1;433;0;0,48960739;0,113163972;3,92;4,4;28,3
26003210;REGULAR;Urbana;3,65;0,89;4,14;4,08;4,11;1;1;1;1017;0;0,501474926;0,140609636;3,64;4,2;38,2
26068508;REGULAR;Urbana;5,05;0,98;4,83;5,45;5,14;1;1;0;486;0;0,561728395;0,197530864;3,77;4,2;32,7
26133974;REGULAR;Urbana;4,16;0,91;4,69;4,48;4,59;1;1;1;627;0;0,505582137;0,146730463;4,26;4,2;39,6
26419823;REGULAR;Rural;3,56;0,94;3,95;3,66;3,8;1;1;0;82;0;0,414634146;0,12195122;3,48;3,4;49,3
26155435;REGULAR;Rural;3,31;0,86;3,91;3,77;3,84;1;1;0;235;0;0,489361702;0,008510638;;3,5;47,2
26040972;REGULAR;Urbana;4,29;0,97;4,76;4,12;4,44;1;1;1;640;0;0,525;0,10625;4,19;4,2;39,5
26041200;REGULAR;Urbana;3,97;0,86;4,69;4,55;4,62;1;1;1;520;0;0,523076923;0,038461538;4,12;3,3;52,2
26419831;REGULAR;Rural;3,28;0,89;3,55;3,8;3,67;1;1;1;87;0;0,574712644;0,045977011;3,5;3,3;78
26063522;REGULAR;Rural;4,29;0,93;4,46;4,8;4,63;1;1;1;385;0;0,464935065;0,561038961;4,17;3,8;41,8
26165783;REGULAR;Urbana;3,84;0,93;4,2;4,1;4,15;1;1;1;357;0;0,456582633;0,028011204;4,06;4,5;41,6
26132230;REGULAR;Urbana;7;1;6,59;7,41;7;1;0;0;519;0;0,55105973;0,4238921;5,37;4,5;2,8
26075733;REGULAR;Urbana;4,33;0,93;4,67;4,58;4,63;1;1;0;413;0;0,486682809;0,334140436;4,91;4;28,7
26075768;REGULAR;Urbana;5,04;0,99;5,31;4,89;5,1;1;1;1;541;0;0,565619224;0,345656192;4,64;4,4;25,4
26076357;REGULAR;Urbana;4,7;0,91;5,33;4,99;5,16;1;0;0;271;0;0,520295203;0,365313653;4,71;4,5;27,3
26075911;REGULAR;Urbana;4,41;0,98;4,67;4,31;4,49;1;1;1;817;0;0,52998776;0,287637699;4,52;4,5;37,8
26075920;REGULAR;Urbana;4,79;0,97;5,11;4,81;4,96;1;1;1;285;0;0,49122807;0,228070175;4,4;4,9;33,6
26075970;REGULAR;Urbana;4,72;0,93;4,96;5,24;5,1;1;1;1;508;0;0,533464567;0,267716535;4,44;4,5;22,7
26075997;REGULAR;Urbana;4,55;0,98;4,79;4,51;4,65;1;1;1;525;0;0,544761905;0,222857143;4,33;4,5;34,2
26076047;REGULAR;Urbana;4,15;0,9;4,73;4,53;4,63;1;1;1;1339;0;0,478715459;0,280059746;4,51;4,1;36,1
26093600;REGULAR;Urbana;4,63;1;4,52;4,75;4,63;1;1;1;530;0;0,5;0,128301887;3,59;4,4;33
26089238;REGULAR;Urbana;3,86;0,99;4,07;3,72;3,89;1;1;1;710;0,07;0,516901408;0,046478873;4,41;4,5;24,2
26088886;REGULAR;Urbana;3,97;0,93;4,56;4,02;4,29;1;1;1;791;0;0,532237674;0,104930468;4,44;4,5;39
26056550;REGULAR;Urbana;4,09;0,92;4,42;4,44;4,43;1;1;1;999;0;0,521521522;0,296296296;4,05;4,4;49
26026902;REGULAR;Rural;6,41;0,97;5,79;7,47;6,63;1;1;0;340;0;0,447058824;0,073529412;4,14;3,3;32,4
26027836;REGULAR;Urbana;6,3;0,99;6,12;6,67;6,39;1;1;0;573;0;0,511343805;0,038394415;4,09;3,7;45
26105225;REGULAR;Urbana;4,55;0,97;4,58;4,83;4,7;1;1;1;652;0;0,440184049;0,059815951;4,48;4,5;30
26017598;REGULAR;Urbana;6,78;0,97;5,65;8,28;6,96;1;1;1;132;0;0,553030303;0,333333333;4,16;5;18,4
26106159;REGULAR;Urbana;4,69;0,97;4,53;5,17;4,85;1;1;1;1029;0;0,488824101;0,089407191;4,24;4,5;18
26028573;REGULAR;Urbana;5,92;1;4,66;7,18;5,92;1;1;1;753;0;0,496679947;0,184594954;4,3;3,3;76,8
26131668;REGULAR;Rural;4,25;0,97;4,56;4,18;4,37;1;1;1;883;0;0,531143828;0,016987542;4,39;4,4;33,2
26130947;REGULAR;Urbana;3,81;0,98;4,02;3,74;3,88;1;1;1;1202;0;0,539101498;0,03078203;4,18;4,5;40,1
26185059;REGULAR;Urbana;4,48;0,97;4,53;4,72;4,62;1;1;1;433;0;0,575057737;0,060046189;3,83;4,7;27,2
26004593;REGULAR;Urbana;3,91;0,99;4;3,95;3,97;1;1;1;790;0;0,582278481;0,021518987;3,78;4,3;27,1
26047365;REGULAR;Urbana;5,31;0,95;5,84;5,39;5,62;1;1;1;270;0;0,57037037;0,111111111;4,36;4,4;22,2
26089530;REGULAR;Urbana;4,25;0,9;4,69;4,74;4,72;1;1;1;882;0;0,5430839;0,223356009;4,2;4,3;35,2
26106337;REGULAR;Urbana;4,06;0,94;4,17;4,45;4,31;1;1;1;878;0;0,528473804;0,093394077;4,27;4,9;38,7
26106353;REGULAR;Rural;4,44;0,98;4,49;4,54;4,51;1;1;1;987;0;0,498480243;0,061803445;4,31;4,9;23,3
26089947;REGULAR;Urbana;3,54;0,94;3,75;3,75;3,75;1;1;1;573;0;0,551483421;0,143106457;4,28;4,4;29,3
26110148;REGULAR;Urbana;3,6;0,96;3,93;3,56;3,75;1;0;0;177;0;0,457627119;0,056497175;4,35;4,5;36,8
26110849;REGULAR;Urbana;3,91;0,97;4,27;3,8;4,03;1;1;1;881;0;0,574347333;0,048808173;4,28;4,6;32,7
26110857;REGULAR;Urbana;3,49;0,86;4,44;3,7;4,07;1;1;1;1434;0;0,475592748;0,073221757;4,35;4,5;43,6
26111411;REGULAR;Rural;3,45;0,94;3,95;3,38;3,66;1;1;1;964;0;0,534232365;0,079875519;4,41;4,2;44,9
26109360;REGULAR;Urbana;3,15;0,81;4,09;3,68;3,89;1;1;1;1035;0;0,497584541;0,039613527;4,36;4,8;30,8
26110970;REGULAR;Urbana;3,94;0,9;4,74;3,98;4,36;1;1;1;839;0;0,504171633;0,089392133;4,59;4,4;32,9
26110016;REGULAR;Rural;4,6;0,96;4,75;4,8;4,77;1;1;1;355;0;0,411267606;0,070422535;4,51;4,5;28,4
26109506;REGULAR;Rural;3,89;0,96;4,34;3,78;4,06;1;1;1;543;0;0,526703499;0,042357274;4,24;5,1;26,5
26111268;REGULAR;Urbana;4,2;0,9;4,64;4,65;4,65;1;1;1;753;0;0,498007968;0,082337317;4,41;4,3;47,7
26111071;REGULAR;Urbana;4,14;0,98;4,45;3,97;4,21;1;1;1;754;0;0,522546419;0,111405836;4,32;4,4;28,5
26108925;REGULAR;Rural;3,57;0,93;4,14;3,52;3,83;1;1;1;629;0;0,515103339;0,020667727;4,32;4,5;33,3
26111195;REGULAR;Urbana;4,64;0,92;5,38;4,77;5,07;1;1;1;995;0;0,514572864;0,073366834;4,64;5,1;27,4
26110229;REGULAR;Urbana;4;0,84;4,94;4,63;4,79;1;1;1;711;0;0,516174402;0,078762307;4,54;4,5;37,6
26110237;REGULAR;Urbana;4,3;0,99;4,62;4,04;4,33;1;1;1;907;0;0,512679162;0,136714443;4,41;4,5;39,4
26109115;REGULAR;Urbana;4,48;0,94;4,79;4,73;4,76;1;1;1;783;0;0,501915709;0,079182631;4,41;4,4;30,7
26111349;REGULAR;Urbana;3,7;0,94;4,03;3,8;3,92;1;1;1;930;0;0,461290323;0,05483871;4,37;4,3;38,6
26111284;REGULAR;Urbana;3,97;0,98;4,59;3,5;4,05;1;1;1;581;0;0,500860585;0,08605852;4,38;4,4;39,1
26111357;REGULAR;Urbana;4,03;0,87;4,43;4,79;4,61;1;1;1;970;0;0,518556701;0,053608247;4,55;5;29,9
26042096;REGULAR;Rural;1,87;0,67;2,68;2,93;2,81;1;1;1;169;0;0,455621302;0,029585799;;3,5;90,9
26042525;REGULAR;Urbana;4,49;0,98;5,04;4,11;4,58;1;1;1;185;0;0,502702703;0,12972973;3,68;4;43,4
26042479;REGULAR;Rural;3,22;0,74;4,07;4,6;4,34;1;1;1;281;0;0,505338078;0,010676157;;4,2;63,2
26037726;REGULAR;Urbana;3,79;0,86;4,21;4,54;4,38;1;1;1;1075;0;0,526511628;0,068837209;4,24;3,9;28,6
26155567;REGULAR;Rural;3,54;0,84;3,47;4,97;4,22;1;1;0;150;0;0,506666667;0,173333333;3,79;3,6;23,5
26078872;REGULAR;Urbana;4,52;0,95;4,71;4,77;4,74;1;1;1;1173;0;0,560102302;0,215686275;3,94;4,5;21
26069555;REGULAR;Urbana;4,62;0,96;4,85;4,74;4,79;1;1;1;565;0;0,454867257;0,283185841;4,1;5,6;32,6
26090767;REGULAR;Urbana;4,47;1;4,29;4,65;4,47;1;1;0;319;0;0,548589342;0,156739812;3,95;4,3;25,5
26010100;REGULAR;Urbana;2,95;0,78;3,85;3,68;3,77;1;1;1;661;0;0,49924357;0,055975794;4,13;3,4;47,4
26009617;REGULAR;Urbana;5,5;1;4,58;6,43;5,5;1;0;0;300;0;0,543333333;0,06;3,84;4,5;42
26008505;REGULAR;Urbana;3,86;1;3,49;4,23;3,86;1;1;0;362;0;0,497237569;0,162983425;4,1;3,9;20,2
26111853;REGULAR;Rural;4,71;0,95;4,98;4,89;4,94;1;1;1;782;0;0,497442455;0,057544757;4,39;4,6;32,2
26090970;REGULAR;Urbana;5,6;1;5,62;5,62;5,62;1;0;0;616;0;0,545454545;0,301948052;5,32;5,2;3,4
26090864;REGULAR;Urbana;3,83;0,96;3,97;4,01;3,99;1;1;1;989;0;0,510616785;0,12942366;4,18;4,5;39,1
26113198;REGULAR;Urbana;3,53;0,86;4,31;3,93;4,12;1;1;1;587;0;0,516183986;0,207836457;4,71;4,9;30,1
26113210;REGULAR;Urbana;5,46;0,97;5,81;5,48;5,64;1;1;1;1097;0;0,495897903;0,054694622;4,57;4,7;36
26113236;REGULAR;Urbana;3,48;0,92;3,81;3,72;3,76;1;1;1;1471;0;0,493541808;0,035350102;4,51;4,7;42,2
26113279;REGULAR;Urbana;3,38;0,87;4,19;3,57;3,88;1;1;1;747;0;0,463186078;0,046854083;4,39;4,4;50,2
26113325;REGULAR;Urbana;2,41;0,85;2,89;2,79;2,84;1;1;1;595;0;0,500840336;0,084033613;4,39;5;48,9
26113813;REGULAR;Urbana;3,89;0,91;4,61;3,98;4,29;1;1;1;653;0;0,549770291;0,070444104;4,61;4,7;50,2
26113333;REGULAR;Urbana;2,79;0,9;3,16;3,05;3,1;1;1;1;633;0;0,500789889;0,050552923;4,54;4,9;35
26113562;REGULAR;Urbana;3,01;0,89;3,7;3,07;3,39;1;1;1;736;0;0,498641304;0,154891304;4,45;4,8;48,4
26114607;REGULAR;Urbana;4,14;0,99;4,49;3,9;4,19;1;1;0;569;0;0,460456942;0,082601054;4,6;4,4;28,9
26113660;REGULAR;Urbana;4,11;0,9;4,6;4,55;4,58;1;1;1;502;0;0,442231076;0,045816733;4,66;4,9;36,7
26113635;REGULAR;Urbana;4,32;0,96;4,87;4,13;4,5;1;0;0;379;0;0,493403694;0,081794195;4,57;4,8;36,2
26113724;REGULAR;Urbana;4,96;0,99;4,27;5,75;5,01;1;1;1;740;0;0,532432432;0,122972973;4,47;4,9;27,8
26113830;REGULAR;Urbana;2,83;0,98;2,91;2,9;2,9;1;1;1;1118;0;0,479427549;0,042039356;4,27;4,6;50,3
26113872;REGULAR;Urbana;2,99;0,92;3,2;3,31;3,25;1;1;1;668;0;0,540419162;0,083832335;4,22;4,4;40,4
26113880;REGULAR;Urbana;3,86;0,94;4,53;3,71;4,12;1;1;0;768;0;0,537760417;0,127604167;4,66;4,5;34
26113929;REGULAR;Urbana;3,63;0,98;3,72;3,67;3,7;1;1;1;2118;0;0,509915014;0,063739377;4,32;4,4;55,2
26114135;REGULAR;Urbana;2,96;0,92;3,51;2,95;3,23;1;1;1;900;0;0,467777778;0,117777778;4,55;3,3;76,5
26114852;REGULAR;Urbana;2,97;0,95;3,13;3,16;3,15;1;0;0;521;0;0,554702495;0,20537428;4,68;4,9;34,8
26114860;REGULAR;Urbana;3,78;0,86;4,62;4,21;4,42;1;1;1;781;0;0,518565941;0,089628681;4,49;5,1;40,8
26115085;REGULAR;Urbana;3,06;0,86;3,99;3,16;3,58;1;1;0;317;0;0,539432177;0,113564669;4,68;3,9;23,8
26070618;REGULAR;Rural;6,25;0,99;5,81;6,88;6,35;1;1;1;222;0;0,509009009;0,094594595;4,02;4,5;30,6
26146967;REGULAR;Rural;4,44;0,93;4,34;5,21;4,77;1;1;1;730;0;0,483561644;0,015068493;3,96;4,5;16,2
26006138;REGULAR;Urbana;3,46;0,92;3,75;3,76;3,75;1;1;1;1773;0;0,549915398;0,077270164;4,17;3,9;31,2
26006499;REGULAR;Urbana;3,92;0,92;4,18;4,34;4,26;1;1;0;870;0;0,54137931;0,048275862;4,03;4,3;32,7
26101203;REGULAR;Urbana;5,74;0,96;5,41;6,6;6,01;1;1;1;477;0;0,616352201;0,085953878;3,88;4,4;44,7
26101610;REGULAR;Rural;3,91;0,97;4,32;3,77;4,05;1;1;1;305;0;0,563934426;0,160655738;3,85;4,1;45,2
26101599;REGULAR;Urbana;4,26;0,99;4,48;4,14;4,31;1;1;1;191;0;0,492146597;0,104712042;3,93;3,9;68,1
26167158;REGULAR;Urbana;4,69;0,95;4,87;5,04;4,95;1;1;1;474;0;0,512658228;0,206751055;4,06;4,2;42,9
26148021;REGULAR;Urbana;3,5;0,85;3,98;4,29;4,14;1;1;1;725;0,18;0,437241379;0,2;3,77;4,1;43,2
26010607;REGULAR;Urbana;3,32;0,98;3,08;3,67;3,37;1;0;0;646;0;0,507739938;0,241486068;4,21;4,5;22,4
26010348;REGULAR;Urbana;4,89;0,99;4,01;5,92;4,97;1;1;0;230;0;0,469565217;0,160869565;3,89;4,3;26,4
26070782;REGULAR;Urbana;4,86;0,95;5,11;5,12;5,12;1;1;1;816;0;0,495098039;0,238970588;3,95;4,1;24,5
26135400;REGULAR;Rural;5,14;0,98;5,05;5,47;5,26;1;1;1;431;0;0,547563805;0,213457077;3,86;3,5;25,5
26091542;REGULAR;Urbana;3,79;0,97;4,08;3,73;3,9;1;1;1;913;0;0,531215772;0,147864184;4,23;4,5;39,4
26169975;REGULAR;Rural;4,13;0,92;4,27;4,69;4,48;1;1;1;628;0;0,511146497;0,066878981;4,44;4,5;28,5
26117258;REGULAR;Urbana;4,52;0,95;4,51;5,03;4,77;1;1;1;1037;0;0,553519769;0,096432015;4,51;4,6;30,1
26117010;REGULAR;Urbana;3,54;0,95;3,71;3,78;3,75;1;1;1;450;0;0,531111111;0,106666667;4,62;4,9;28,8
26115964;REGULAR;Urbana;3,46;0,95;4,07;3,26;3,66;1;0;0;412;0;0,526699029;0,07038835;4,63;4,7;26,6
26117274;REGULAR;Urbana;2,87;0,96;3,17;2,83;3;1;1;0;547;0;0,453382084;0,043875686;4,62;4,2;42,7
26116308;REGULAR;Urbana;4,4;0,99;4,62;4,24;4,43;1;1;1;810;0;0,514814815;0,085185185;4,53;5,1;25,8
26116359;REGULAR;Urbana;3,67;0,93;4,29;3,63;3,96;1;1;1;1307;0;0,507268554;0,050497322;4,66;4,4;38,3
26116367;REGULAR;Urbana;3,91;0,94;4,45;3,83;4,14;1;1;1;946;0;0,523255814;0,038054968;4,56;4,6;25
26116383;REGULAR;Urbana;3,99;0,95;4,45;3,99;4,22;1;1;1;1262;0;0,499207607;0,062599049;4,53;4,8;27,3
26116391;REGULAR;Urbana;3,91;1;4,08;3,76;3,92;1;1;1;930;0;0,488172043;0,078494624;4,69;4,9;31,9
26117088;REGULAR;Rural;3,64;0,94;4,09;3,65;3,87;1;1;1;494;0;0,497975709;0,099190283;4,47;4,9;25,6
26048078;REGULAR;Urbana;2,94;0,77;3,89;3,78;3,83;1;1;1;730;0;0,482191781;0,097260274;3,95;3,3;48,3
26058960;REGULAR;Urbana;3,54;0,96;3,67;3,68;3,67;1;1;0;617;0;0,474878444;0,243111831;3,86;4,2;40
26058812;REGULAR;Urbana;3,87;0,98;3,79;4,09;3,94;1;1;1;416;0;0,526442308;0,052884615;4,1;3,3;52,9
26042045;REGULAR;Urbana;4,97;0,99;4,61;5,43;5,02;0;1;1;423;0;0,557919622;0,094562648;4,01;4,2;42,4
26042169;REGULAR;Rural;2,32;0,75;3,23;3;3,11;1;1;1;165;0;0,484848485;0,012121212;;3,7;72,7
26042312;REGULAR;Rural;4,5;0,96;4,42;4,99;4,7;1;1;1;202;0;0,420792079;0,099009901;4,06;5,1;24,4
26138875;REGULAR;Urbana;6,4;0,91;6,62;7,43;7,03;1;0;0;516;0;0,507751938;0,222868217;5,41;5,1;8,4
26035340;REGULAR;Urbana;4,36;0,92;4,75;4,78;4,76;1;1;1;764;0;0,535340314;0,071989529;4,5;4,6;32,2
26035502;REGULAR;Rural;4,1;0,92;4,39;4,53;4,46;1;1;1;575;0;0,486956522;0,083478261;4,22;4,3;28,9
26034298;REGULAR;Urbana;4,08;0,84;4,91;4,85;4,88;1;1;1;1219;0;0,50533224;0,084495488;4,43;4,8;31,1
26035561;REGULAR;Urbana;4,05;0,85;4,65;4,84;4,74;1;1;1;1007;0;0,519364449;0,142005958;4,56;4,4;35,7
26034328;REGULAR;Rural;4,8;0,97;4,62;5,23;4,92;1;1;1;479;0;0,524008351;0,158663883;4,2;4;41,5
26034344;REGULAR;Rural;2,76;0,87;3,2;3,12;3,16;1;1;1;386;0;0,507772021;0,067357513;4,18;3,6;49,1
26034360;REGULAR;Rural;3,84;0,83;4,64;4,57;4,61;1;1;1;594;0;0,543771044;0,085858586;4,25;4,5;21,3
26036207;REGULAR;Rural;3,62;0,8;4,89;4,15;4,52;1;1;1;492;0;0,532520325;0,036585366;4,19;3,9;35,6
26034310;REGULAR;Urbana;4,09;0,92;4,59;4,27;4,43;1;1;1;385;0;0,423376623;0,049350649;4,3;4,1;37,3
26035553;REGULAR;Urbana;6,08;0,98;5,97;6,4;6,18;1;0;0;565;0;0,543362832;0,297345133;5,08;4,5;7,8
26034832;REGULAR;Rural;4,03;0,89;4,5;4,56;4,53;1;1;1;798;0;0,516290727;0,016290727;4,26;4;28,6
26035251;REGULAR;Rural;4,46;0,97;4,76;4,48;4,62;1;1;1;491;0;0,509164969;0,126272912;4,04;3,9;20
26035367;REGULAR;Urbana;4,16;0,94;4,31;4,52;4,41;1;1;1;893;0;0,521836506;0,054871221;4,31;3,8;55,1
26177927;REGULAR;Rural;5,8;0,98;5,43;6,37;5,9;1;1;0;477;0;0,488469602;0,329140461;3,98;4,3;15,4
26036169;REGULAR;Rural;3,55;0,91;3,85;3,98;3,92;1;1;1;528;0;0,501893939;0,104166667;4,21;3,6;28
26213800;REGULAR;Rural;3,74;0,92;4,13;4,05;4,09;1;1;1;503;0;0,465208748;0,031809145;3,92;3,9;32,9
26034441;REGULAR;Urbana;4,41;0,87;5,21;4,95;5,08;1;0;0;849;0;0,522968198;0,197879859;4,73;4,5;30,3
26036223;REGULAR;Rural;4,25;0,93;4,71;4,47;4,59;1;1;1;958;0;0,521920668;0,051148225;4,17;3,3;45,3
26036134;REGULAR;Rural;4,18;0,95;4,39;4,4;4,4;1;1;1;677;0;0,485967504;0,056129985;4,2;4,3;20
26036177;REGULAR;Rural;3,65;0,93;3,99;3,87;3,93;1;1;1;512;0;0,48046875;0,10546875;4,12;4,3;25,2
26036215;REGULAR;Rural;4,48;0,96;4,77;4,57;4,67;1;0;0;374;0;0,5;0,171122995;4,41;4,5;31,1
26036193;REGULAR;Rural;3,93;0,92;4,38;4,14;4,26;1;1;1;682;0;0,473607038;0,048387097;4,33;4,1;37,2
26035979;REGULAR;Urbana;4,45;0,97;4,79;4,42;4,6;1;1;1;1200;0;0,488333333;0,140833333;4,79;4,4;18,4
26035073;REGULAR;Rural;3,78;0,88;4,26;4,32;4,29;1;1;1;805;0;0,485714286;0,09689441;4,1;4,4;30,1
26036045;REGULAR;Urbana;3,52;0,86;4,2;3,96;4,08;1;0;0;512;0;0,533203125;0,130859375;5;5,3;32,2
26036037;REGULAR;Urbana;3,88;0,86;4,48;4,53;4,51;1;1;1;1319;0;0,499620925;0,171341926;4,77;4,2;43,7
26035146;REGULAR;Urbana;3,82;0,88;4,51;4,19;4,35;1;1;1;994;0,03;0,490945674;0,081488934;4,62;4,3;42,8
26035138;REGULAR;Rural;4,21;0,91;4,57;4,67;4,62;1;1;1;557;0;0,491921005;0,066427289;4,24;3,7;35,4
26036266;REGULAR;Rural;4,07;1;4,16;3,98;4,07;1;1;0;259;0;0,49034749;0,023166023;4,13;3,3;42,6
26018977;REGULAR;Rural;7;0,98;6,51;7,8;7,15;1;0;0;771;0;0,547341115;0,342412451;4,95;5,3;4,2
26122120;REGULAR;Urbana;4,88;0,91;5,23;5,55;5,39;1;0;0;1305;0;0,471264368;0,161685824;5,6;4,8;10,4
26127571;REGULAR;Urbana;3,7;0,82;4,64;4,4;4,52;1;0;0;563;0;0,513321492;0,186500888;4,52;4,7;31,8
26126010;REGULAR;Urbana;3,55;0,9;3,98;3,87;3,93;1;1;1;1333;0;0,504126032;0,192048012;4,4;4,5;41,8
26119730;REGULAR;Urbana;7,61;0,98;7,13;8,4;7,76;1;0;0;237;0;0,514767932;0,362869198;6,1;4,8;6
26126125;REGULAR;Urbana;4,37;0,88;5,27;4,69;4,98;1;1;0;865;0;0,480924855;0,157225434;4,59;4,5;34
26126141;REGULAR;Urbana;3,76;0,92;4,3;3,89;4,09;1;1;1;772;0;0,471502591;0,187823834;4,49;4,5;29,8
26128179;REGULAR;Urbana;3,81;0,94;4,38;3,73;4,05;1;1;1;1056;0;0,505681818;0,06344697;4,38;5;32,4
26124580;REGULAR;Urbana;3,65;0,93;4,15;3,7;3,93;1;1;0;720;0;0,493055556;0,170833333;4,58;4,7;39,2
26126150;REGULAR;Urbana;3,88;0,94;4,29;3,92;4,1;1;0;0;334;0;0,508982036;0,104790419;4,58;4,5;19,7
26125013;REGULAR;Urbana;4,3;0,99;4,5;4,24;4,37;1;0;0;559;0;0,529516995;0,128801431;4,43;4,8;30,6
26126206;REGULAR;Urbana;3,56;0,97;4,26;3,11;3,68;1;1;1;484;0;0,497933884;0,097107438;4,61;4,5;52,5
26126214;REGULAR;Urbana;4,5;0,91;5,17;4,75;4,96;1;0;1;411;0;0,474452555;0,145985401;4,56;4,5;30,3
26122227;REGULAR;Urbana;4,22;0,96;4,39;4,38;4,38;1;1;1;1295;0;0,503474903;0,2;4,79;5;35,3
26127695;REGULAR;Urbana;3,49;0,97;3,83;3,39;3,61;1;1;0;716;0;0,505586592;0,05726257;4,57;4,4;36,2
26124645;REGULAR;Urbana;3,67;1;3,88;3,47;3,67;1;1;0;1177;0;0,504672897;0,099405268;4,44;4,2;35,6
26123517;REGULAR;Urbana;4,07;0,94;4,5;4,19;4,35;1;1;0;845;0;0,512426036;0,160946746;4,5;4,7;35,9
26120992;REGULAR;Urbana;4,63;0,85;5,45;5,46;5,46;1;0;0;1015;0;0,543842365;0,270935961;4,9;5,1;14,1
26125650;REGULAR;Urbana;3,35;0,85;4,22;3,68;3,95;1;1;1;838;0;0,485680191;0,151551313;4,42;4,5;37,5
26121344;REGULAR;Urbana;4,22;0,99;4,48;4,08;4,28;1;0;0;1295;0;0,548262548;0,128957529;4,49;5,1;29,7
26121310;REGULAR;Urbana;5,21;0,92;5,63;5,67;5,65;1;0;0;787;0;0,510800508;0,33545108;4,95;5,1;23,5
26124670;REGULAR;Urbana;3,85;0,9;4,63;3,91;4,27;1;1;1;1627;0;0,526121696;0,12968654;4,49;4,5;32,6
26126290;REGULAR;Urbana;3,89;0,98;4,07;3,85;3,96;1;1;1;592;0;0,462837838;0,092905405;4,33;4,5;43,6
26125943;REGULAR;Urbana;3,87;0,96;4,33;3,71;4,02;1;1;1;879;0;0,489192264;0,094425484;4,57;4,2;40,9
26125358;REGULAR;Urbana;3,93;0,96;4,14;4,08;4,11;1;1;0;894;0;0,526845638;0,078299776;4,53;4,1;32,7
26126443;REGULAR;Urbana;3,7;0,92;4,17;3,92;4,04;1;0;0;311;0;0,479099678;0,093247588;4,41;4,5;26,4
26127474;REGULAR;Urbana;4,56;0,96;4,84;4,61;4,73;1;1;1;900;0;0,478888889;0,141111111;4,41;4,2;44,4
26128420;REGULAR;Urbana;3,72;0,98;3,94;3,63;3,78;1;1;1;1409;0;0,528034067;0,127750177;4,36;4,3;34,4
26123576;REGULAR;Urbana;3,48;0,84;4,42;3,91;4,16;1;0;0;846;0;0,574468085;0,176122931;4,78;5;15,2
26127431;REGULAR;Urbana;3,93;0,96;4,34;3,85;4,1;1;1;0;802;0;0,465087282;0,238154613;4,48;4,7;41
26122260;REGULAR;Urbana;4,38;1;4,48;4,27;4,38;1;1;1;743;0;0,464333782;0,095558546;4,83;4,5;25
26120100;REGULAR;Urbana;3,5;0,88;3,99;3,99;3,99;1;1;1;923;0;0,504875406;0,131094258;4,36;4,4;35,1
26126621;REGULAR;Urbana;3,4;0,83;4,26;3,97;4,11;1;1;1;1235;0;0,51659919;0,180566802;4,37;4,2;45,2
26128527;REGULAR;Urbana;3,36;0,94;3,74;3,43;3,58;1;1;1;1094;0;0,510968921;0,083180987;4,33;4;40,2
26124920;REGULAR;Urbana;3,55;0,88;3,95;4,1;4,03;1;1;1;922;0;0,542299349;0,131236443;4,3;4,1;43,2
26128586;REGULAR;Urbana;3,51;0,93;3,23;4,32;3,77;1;1;1;1037;0;0,473481196;0,05978785;4,45;4,6;32,7
26128594;REGULAR;Urbana;4,45;0,94;5,17;4,29;4,73;1;1;1;647;0;0,488408037;0,126738794;4,51;4,4;40,3
26127512;REGULAR;Urbana;3,36;0,85;4,02;3,87;3,95;1;1;0;837;0;0,486260454;0,133811231;4,34;4,4;38,1
26121948;REGULAR;Urbana;4,23;0,96;4,56;4,26;4,41;1;0;0;955;0;0,54973822;0,156020942;4,75;5,1;36,5
26126605;REGULAR;Urbana;3,67;0,9;4,31;3,85;4,08;1;1;1;878;0;0,520501139;0,09453303;4,4;4,5;42,7
26103052;REGULAR;Rural;3,77;0,93;3,96;4,14;4,05;1;0;1;445;0;0,48988764;0,112359551;4,2;4,5;19,4
26102633;REGULAR;Urbana;4,64;0,92;4,83;5,24;5,04;1;1;1;756;0;0,525132275;0,072751323;4,19;4,4;35,5
26169223;REGULAR;Rural;4,24;0,95;4,73;4,19;4,46;1;1;1;360;0;0,538888889;0,025;4,26;4,3;45,1
26103370;REGULAR;Urbana;4,1;0,92;4,71;4,22;4,47;1;1;1;353;0;0,526912181;0,031161473;4,18;4,3;46,2
26012081;REGULAR;Rural;4,74;0,98;4,33;5,34;4,84;1;1;1;472;0;0,497881356;0,201271186;4,15;4,5;25,7
26011050;REGULAR;Urbana;3,28;0,77;4,18;4,36;4,27;1;1;1;487;0;0,515400411;0,078028747;3,97;3,8;55
26175509;REGULAR;Rural;3,5;0,89;3,62;4,27;3,94;1;1;0;147;0;0,517006803;0,006802721;3,7;4,4;31,7
26011352;REGULAR;Urbana;4,1;0,94;4,43;4,27;4,35;1;0;0;594;0;0,47979798;0,146464646;4,4;4,8;29,7
26061112;REGULAR;Urbana;3,1;0,95;3,11;3,44;3,27;1;1;1;727;0;0,447042641;0,290233838;4,23;4;46,2
26019370;REGULAR;Urbana;4,34;0,9;4,69;5,01;4,85;1;1;1;453;0;0,545253863;0,123620309;4,24;4,8;32,8
26148447;REGULAR;Urbana;3,24;0,8;3,95;4,15;4,05;1;1;1;979;0;0,42288049;0,118488253;4,42;4,1;35,7
26063999;REGULAR;Urbana;4,03;0,91;4,45;4,36;4,41;1;1;0;1257;0;0,575974543;0,290373906;4,3;4,1;32,8
26064006;REGULAR;Urbana;3,25;0,82;4,08;3,86;3,97;1;1;1;987;0;0,493414387;0,218844985;4,41;3,8;42,6
26181975;REGULAR;Urbana;3,33;0,92;3,45;3,76;3,6;1;1;1;470;0;0,542553191;0,114893617;3,85;4,5;32,1
26037904;REGULAR;Urbana;3,22;0,87;3,73;3,65;3,69;1;1;1;600;0;0,538333333;0,08;3,8;4,1;54,8
26037599;REGULAR;Urbana;2,76;0,71;4,09;3,64;3,87;1;1;1;957;0;0,525600836;0,079414838;4,34;3,7;60,3
26061724;REGULAR;Urbana;4,53;0,97;4,68;4,64;4,66;1;1;1;801;0;0,456928839;0,314606742;3,81;4,5;37,9
26062585;REGULAR;Urbana;3,96;0,91;4,32;4,41;4,37;0;1;0;893;0;0,494960806;0,303471445;3,91;4;38
26182084;REGULAR;Rural;3,84;0,93;4,4;3,9;4,15;1;1;1;164;0;0,5;0,109756098;4,47;4,5;36,8
26104245;REGULAR;Urbana;3,75;0,96;3,62;4,22;3,92;1;1;1;362;0;0,502762431;0,113259669;4,1;4,3;52,1
26013436;REGULAR;Urbana;4,71;0,98;4,9;4,76;4,83;1;1;1;806;0;0,548387097;0,078163772;3,78;4,3;23,8
26013185;REGULAR;Urbana;4,39;0,99;4,32;4,5;4,41;1;1;0;960;0;0,519791667;0,122916667;4,49;4,1;39,9
26020572;REGULAR;Urbana;5,68;0,99;5,31;6,23;5,77;1;1;1;197;0;0,54822335;0,314720812;4,06;4,4;12,8
26019949;REGULAR;Urbana;4,27;0,98;4,46;4,22;4,34;1;1;1;499;0;0,509018036;0,21242485;4,55;3,7;47,1
26129566;REGULAR;Urbana;4,28;0,96;4,5;4,46;4,48;1;1;1;601;0;0,532445923;0,239600666;4,28;4,5;27,2
26129124;REGULAR;Urbana;3,07;0,83;3,79;3,6;3,7;1;1;1;572;0;0,506993007;0,192307692;4,6;4,5;43,2
26183030;REGULAR;Rural;3,96;0,94;4,33;4,08;4,2;1;1;1;466;0;0,517167382;0,201716738;3,75;3,8;36,4
26071673;REGULAR;Urbana;3,72;0,91;4,15;4,08;4,11;1;1;1;427;0;0,552693208;0,180327869;3,58;4,5;50,2
26020963;REGULAR;Urbana;4,02;0,98;4,08;4,12;4,1;1;1;1;862;0;0,513921114;0,154292343;4,14;4,7;28,8
26021820;REGULAR;Urbana;4,31;0,94;4,2;5,02;4,61;1;0;0;732;0;0,512295082;0,143442623;4,63;4,4;25,1
26020882;REGULAR;Urbana;4,18;0,93;4,47;4,55;4,51;1;1;1;1080;0;0,52962963;0,125925926;4,39;4,5;28,9
26029812;REGULAR;Urbana;3,33;0,88;3,88;3,64;3,76;1;1;0;799;0;0,503128911;0,221526909;4,17;3,9;51,6
26104601;REGULAR;Urbana;3,75;0,93;4,16;3,94;4,05;1;1;1;151;0,23;0,496688742;0,112582781;4,44;4,5;32,3
26181320;REGULAR;Urbana;3,49;0,92;3,93;3,65;3,79;1;1;1;243;0;0,477366255;0,037037037;4,07;4,3;47
26182092;REGULAR;Urbana;5,24;0,99;5,27;5,28;5,27;0;1;1;389;0;0,498714653;0,005141388;4,11;4,5;40,7
26169193;REGULAR;Rural;4,23;0,99;4,3;4,24;4,27;1;1;1;166;0;0,391566265;0,030120482;4,14;4,5;33
26065401;REGULAR;Urbana;5,23;0,99;5,03;5,54;5,29;1;0;0;608;0,04;0,549342105;0,230263158;4,37;4,9;24,6
26064642;REGULAR;Urbana;4,91;0,96;4,93;5,27;5,1;1;1;1;1168;0;0,518835616;0,306506849;4,55;4,5;28,5
26023245;REGULAR;Urbana;3,93;0,89;4,5;4,35;4,42;1;1;1;951;0;0,520504732;0,05362776;4,2;4,5;29,8
26023334;REGULAR;Urbana;4,77;0,95;5,09;4,97;5,03;1;1;1;553;0;0,477396022;0,195298373;4,52;4,9;13,5
26063280;REGULAR;Urbana;2,03;0,75;2,42;2,98;2,7;1;1;1;443;0;0,492099323;0,311512415;4,35;3,7;65,2
26042711;REGULAR;Rural;2,24;0,66;3,39;3,39;3,39;1;1;0;122;0;0,508196721;0;;3,5;87,1
26149907;REGULAR;Rural;5,92;0,96;5,8;6,56;6,18;1;0;0;184;0;0,527173913;0,141304348;4,02;4,5;21,6
26043505;REGULAR;Rural;6,94;1;5,91;7,97;6,94;1;1;0;283;0;0,477031802;0,183745583;4,08;4,2;33,2
26043076;REGULAR;Rural;3,27;0,89;3,75;3,59;3,67;1;1;1;326;0;0,54601227;0,012269939;;4,5;26,5
26043408;REGULAR;Rural;2,38;0,68;3,81;3,2;3,5;1;1;1;433;0;0,454965358;0,004618938;;3,9;73,3
26043130;REGULAR;Urbana;5,32;0,82;6,63;6,3;6,46;1;1;1;223;0;0,569506726;0,089686099;3,65;4,3;55,9
26065606;REGULAR;Urbana;3,55;0,88;4,24;3,83;4,04;1;1;0;538;0;0,468401487;0,371747212;4,18;3,4;36,5
26091836;REGULAR;Urbana;4,51;0,96;4,49;4,93;4,71;1;1;1;686;0;0,473760933;0,120991254;4,24;4,2;56,3
26066181;REGULAR;Urbana;3,16;0,79;4,15;3,89;4,02;1;1;0;839;0;0,47079857;0,215733015;4,24;4,1;34,6
26092298;REGULAR;Urbana;4,29;1;4,69;3,88;4,29;1;1;1;567;0;0,499118166;0,049382716;4,24;3,3;50
26008548;REGULAR;Urbana;;;4,22;3,73;3,97;1;1;1;861;0;0,56213705;0,077816492;4,31;3,3;48,8
26008882;REGULAR;Urbana;3,77;0,88;4,31;4,26;4,28;1;1;1;1034;0;0,520309478;0,056092843;4,06;4,3;29,5
26024047;REGULAR;Urbana;3,53;0,87;4,11;4,03;4,07;0;1;1;297;0;0,451178451;0,070707071;4,41;4,8;50
26024578;REGULAR;Urbana;4,38;0,96;4,64;4,45;4,55;1;1;0;398;0;0,505025126;0,376884422;4,76;3,4;66,7
26049422;REGULAR;Urbana;4,11;0,94;4,41;4,34;4,38;1;1;1;421;0;0,510688836;0,180522565;4,3;3,3;44,1
26095297;REGULAR;Urbana;4,14;0,89;4,74;4,58;4,66;1;1;1;1024;0;0,387695313;0,10546875;4,37;4,4;38,8
26095530;REGULAR;Urbana;4,26;0,96;4,45;4,38;4,42;1;1;1;628;0;0,506369427;0,092356688;4,12;4,5;38,2
26094878;REGULAR;Urbana;4,01;0,96;4,13;4,19;4,16;1;1;1;405;0;0,496296296;0,187654321;3,99;4,2;37,5
26095572;REGULAR;Urbana;3,94;0,95;4,29;3,95;4,12;1;1;1;193;0;0,507772021;0,082901554;4,2;4,9;40,6
26096072;REGULAR;Rural;4,72;0,94;4,45;5,59;5,02;1;1;1;206;0;0,59223301;0,077669903;3,84;4,4;48,6
26106957;SEMI_INTEGRAL;Urbana;4,39;0,96;4,61;4,54;4,58;1;1;1;471;0,66;0,522292994;0,220806794;4,67;9,5;18,4
26081849;SEMI_INTEGRAL;Urbana;3,75;0,93;4;4,03;4,02;1;1;1;872;0,67;0,51146789;0,292431193;4,09;9,5;34,1
26096030;SEMI_INTEGRAL;Urbana;4,85;0,98;4,66;5,22;4,94;1;1;1;901;0,62;0,536071032;0,039955605;4,06;8,6;26,9
26049562;SEMI_INTEGRAL;Urbana;3,62;0,93;3,98;3,82;3,9;1;1;0;512;0,74;0,5390625;0,142578125;4,07;8;36,2
26097117;SEMI_INTEGRAL;Urbana;4,7;0,93;5,13;4,99;5,06;1;0;0;404;1;0,566831683;0,400990099;4,31;9,5;16,8
26071924;SEMI_INTEGRAL;Urbana;4,81;0,87;5,34;5,67;5,51;1;1;1;513;0,71;0,512670565;0,210526316;4,28;9,9;39,8
26105837;SEMI_INTEGRAL;Urbana;4,42;0,98;4,64;4,38;4,51;1;1;1;871;0,63;0,494833525;0,180252583;3,86;8,7;22,3
26000024;SEMI_INTEGRAL;Urbana;4,96;0,99;5,1;4,88;4,99;1;1;1;740;0,64;0,563513514;0,125675676;4,03;9,5;21,6
26024730;SEMI_INTEGRAL;Urbana;4,21;0,99;4,42;4,09;4,26;1;0;0;422;0,98;0,535545024;0,1492891;4,4;9,5;30,3
26082861;SEMI_INTEGRAL;Urbana;3,84;0,96;4,14;3,86;4;1;1;1;416;0,73;0,557692308;0,266826923;3,55;8,7;26,3
26097982;SEMI_INTEGRAL;Urbana;4,68;0,96;4,44;5,32;4,88;1;1;1;528;0,55;0,513257576;0,28219697;4,03;7,5;20,7
26039770;SEMI_INTEGRAL;Urbana;4,99;1;5,09;4,89;4,99;1;1;1;341;0,08;0,454545455;0,046920821;4,45;5,5;56,1
26050102;SEMI_INTEGRAL;Urbana;5,1;0,96;5,1;5,52;5,31;1;1;1;548;0,58;0,563868613;0,171532847;4,05;9,5;31,3
26025876;SEMI_INTEGRAL;Urbana;4,9;0,96;4,79;5,48;5,14;1;1;0;508;0,81;0,551181102;0,131889764;3,94;8,3;31,7
26051176;SEMI_INTEGRAL;Urbana;3,88;0,82;4,87;4,64;4,75;1;1;1;1001;0,09;0,516483516;0,277722278;4,29;5,2;25,7
26001942;SEMI_INTEGRAL;Urbana;5,53;0,92;5,75;6,2;5,98;1;1;0;295;0,83;0,555932203;0,159322034;4,54;8,5;8,9
26067382;SEMI_INTEGRAL;Rural;5,2;0,95;5,31;5,63;5,47;1;0;0;359;1;0,498607242;0,370473538;4,1;9,5;23,1
26073102;SEMI_INTEGRAL;Urbana;5,46;0,96;5,25;6,1;5,68;1;1;1;435;0,78;0,524137931;0,264367816;3,92;10;30,6
26015315;SEMI_INTEGRAL;Urbana;5,04;0,93;5,25;5,54;5,39;1;1;1;373;0,75;0,536193029;0,008042895;4,05;9;16,8
26052083;SEMI_INTEGRAL;Urbana;4,23;0,9;4,57;4,82;4,69;1;1;1;1218;0,46;0,52545156;0,089490969;4,1;7,1;23,8
26087375;SEMI_INTEGRAL;Urbana;5,08;1;4,72;5,46;5,09;1;1;1;436;0,77;0,509174312;0,061926606;4,08;8,7;17,5
26045656;SEMI_INTEGRAL;Urbana;5,04;0,99;4,57;5,57;5,07;1;1;1;494;0,75;0,54048583;0,064777328;3,62;9,5;40,5
26130114;SEMI_INTEGRAL;Urbana;5,01;0,99;5,27;4,89;5,08;1;0;0;465;1;0,513978495;0,070967742;4,92;9,5;17
26130203;SEMI_INTEGRAL;Urbana;5,03;0,96;5,13;5,39;5,26;1;0;0;339;1;0,536873156;0,05899705;4,47;9,5;20,9
26130521;SEMI_INTEGRAL;Urbana;4,56;0,98;4,81;4,51;4,66;1;0;0;221;1;0,556561086;0,022624434;4,3;9,5;24,4
26052776;SEMI_INTEGRAL;Urbana;4,55;0,83;5,31;5,67;5,49;1;1;1;721;0,75;0,536754508;0,313453537;4,04;9,5;21,9
26073498;SEMI_INTEGRAL;Urbana;4,68;0,94;4,73;5,23;4,98;1;1;1;1383;0,39;0,539407086;0,348517715;4,02;7,2;29,4
26074079;SEMI_INTEGRAL;Urbana;4,49;0,94;4,44;5,08;4,76;1;1;1;415;0,68;0,54939759;0,262650602;3,85;8,4;25,5
26015625;SEMI_INTEGRAL;Urbana;4,84;0,96;4,91;5,19;5,05;1;1;1;340;0,66;0,535294118;0,126470588;3,83;9,5;21,8
26107570;SEMI_INTEGRAL;Urbana;4,73;0,92;5,3;4,96;5,13;1;1;1;384;0,42;0,5625;0,065104167;4,32;7;23,9
26107945;SEMI_INTEGRAL;Urbana;4,45;0,94;4,77;4,72;4,75;1;0;0;470;1;0,538297872;0,195744681;4,54;9,5;7,2
26083639;SEMI_INTEGRAL;Urbana;5,51;0,96;5,34;6,1;5,72;1;1;1;486;0,72;0,53909465;0,240740741;3,84;9,5;28,5
26087715;SEMI_INTEGRAL;Urbana;4,43;0,93;4,64;4,87;4,75;1;1;1;343;0,82;0,524781341;0,247813411;3,98;10;35,2
26053608;SEMI_INTEGRAL;Urbana;4,12;0,93;4,59;4,27;4,43;1;1;1;768;0,7;0,5078125;0,4921875;3,99;9,4;26,4
26040280;SEMI_INTEGRAL;Urbana;5,52;0,91;5,4;6,7;6,05;1;1;1;213;0,76;0,572769953;0,103286385;3,83;10;31,7
26087910;SEMI_INTEGRAL;Urbana;5,74;1;5,41;6,12;5,76;1;0;0;673;0,95;0,505200594;0,175334324;4,28;9,5;24,8
26053845;SEMI_INTEGRAL;Urbana;5,08;0,97;5,4;5,11;5,25;1;1;1;833;0,76;0,542617047;0,181272509;4,57;9,5;20,4
26054140;SEMI_INTEGRAL;Urbana;4,56;0,88;5,37;5,05;5,21;1;1;1;777;0,73;0,516087516;0,301158301;4,76;9,5;21,8
26054809;SEMI_INTEGRAL;Urbana;4,77;0,98;4,99;4,79;4,89;1;1;1;634;0,79;0,589905363;0,264984227;4,68;9,5;15,6
26055082;SEMI_INTEGRAL;Urbana;5,34;0,92;5,7;5,86;5,78;1;1;1;596;0,74;0,533557047;0,285234899;4,81;9,5;19,4
26098482;SEMI_INTEGRAL;Urbana;4,73;0,96;5,01;4,84;4,92;1;1;1;728;0,87;0,556318681;0,086538462;4,37;9,5;18,4
26009315;SEMI_INTEGRAL;Urbana;4,81;0,98;5,05;4,8;4,92;1;1;1;362;0,76;0,5;0,102209945;3,83;9;14,9
26093030;SEMI_INTEGRAL;Urbana;5,02;0,97;4,87;5,44;5,15;1;1;1;575;0,56;0,52173913;0,179130435;3,92;8,1;26
26098822;SEMI_INTEGRAL;Urbana;5,59;0,96;5,41;6,22;5,82;1;1;1;571;0,75;0,562171629;0,136602452;4,02;8,8;25,8
26181649;SEMI_INTEGRAL;Rural;4,17;1;4,26;4,08;4,17;1;1;1;1378;0,19;0,531204644;0,050072569;4,08;9,5;21,9
26099489;SEMI_INTEGRAL;Urbana;4,8;0,99;5,04;4,65;4,84;1;1;0;727;0,81;0,52957359;0,027510316;4,5;8,3;16,4
26099322;SEMI_INTEGRAL;Urbana;3,86;0,98;4,17;3,7;3,93;1;1;1;616;0,62;0,540584416;0,167207792;4,07;9,1;40,3
26003066;SEMI_INTEGRAL;Urbana;4,37;0,95;4,57;4,65;4,61;1;0;0;455;1;0,606593407;0,334065934;4,14;9,5;8,6
26132001;SEMI_INTEGRAL;Urbana;4,99;0,99;4,93;5,18;5,06;1;1;1;430;0,15;0,525581395;0,11627907;4,88;6;12,7
26088606;SEMI_INTEGRAL;Urbana;4,59;0,93;4,66;5,17;4,92;1;1;1;357;0,77;0,56302521;0,193277311;4,05;9,5;27,9
26016729;SEMI_INTEGRAL;Urbana;6,92;0,99;6,12;7,89;7;1;1;1;507;0,28;0,520710059;0,163708087;4,18;7;11,3
26016540;SEMI_INTEGRAL;Urbana;5,18;0,96;4,54;6,23;5,39;1;1;1;289;0,77;0,567474048;0,211072664;4,13;9,5;15,8
26063530;SEMI_INTEGRAL;Urbana;5,4;0,99;4,89;6,03;5,46;1;0;0;289;0,79;0,557093426;0,588235294;4,01;9,5;24,9
26099853;SEMI_INTEGRAL;Urbana;4,47;0,91;4,6;5,19;4,89;1;1;0;285;0,92;0,589473684;0,052631579;3,84;9;32,4
26075687;SEMI_INTEGRAL;Urbana;4,82;0,95;5,16;5,03;5,1;1;1;1;896;0,63;0,525669643;0,322544643;4,65;8,3;24,4
26075385;SEMI_INTEGRAL;Urbana;4,31;0,89;4,85;4,87;4,86;1;1;1;606;0,72;0,51650165;0,198019802;4,42;9,5;31,2
26089424;SEMI_INTEGRAL;Urbana;4,52;0,98;4,39;4,8;4,59;1;0;0;545;1;0,497247706;0,036697248;4,23;9,5;27,2
26056658;SEMI_INTEGRAL;Urbana;4,77;0,95;4,91;5,13;5,02;1;0;0;522;1;0,544061303;0,362068966;4,12;9,5;23,9
26076780;SEMI_INTEGRAL;Urbana;4,05;0,91;4,42;4,46;4,44;1;1;1;989;0,46;0,540950455;0,195146613;3,88;8;38,7
26084317;SEMI_INTEGRAL;Urbana;5,13;0,92;5,04;6,09;5,56;1;1;1;236;0,92;0,487288136;0,423728814;3,97;9,5;21,2
26105195;SEMI_INTEGRAL;Urbana;5,66;0,98;5,68;5,82;5,75;1;1;1;681;0,79;0,51835536;0,135095448;4,53;6,4;15,7
26105250;SEMI_INTEGRAL;Urbana;4,56;0,96;4,51;5;4,75;1;1;0;478;0,82;0,493723849;0,083682008;4,43;8,4;22
26105314;SEMI_INTEGRAL;Urbana;4,5;0,95;4,57;4,88;4,73;1;1;1;934;0,74;0,502141328;0,115631692;4,5;9,5;17,4
26105888;SEMI_INTEGRAL;Rural;5,36;0,99;5,14;5,64;5,39;1;1;1;676;0,12;0,427514793;0,094674556;4,45;5,6;28,2
26105519;SEMI_INTEGRAL;Urbana;3,87;0,89;4,55;4,16;4,35;1;1;1;1308;0,21;0,504587156;0,094801223;4,38;4,9;33,8
26017750;SEMI_INTEGRAL;Urbana;6,14;0,95;5,52;7,38;6,45;0;1;1;224;0,8;0,5;0,232142857;3,91;9,6;29,1
26027917;SEMI_INTEGRAL;Urbana;4,92;0,97;5,06;5,13;5,1;1;1;0;596;0,94;0,540268456;0,08557047;4,09;9,1;32,9
26018020;SEMI_INTEGRAL;Urbana;5;0,94;5,05;5,57;5,31;1;1;0;160;0,8;0,5625;0,15625;4,12;8,3;23,4
26131528;SEMI_INTEGRAL;Rural;5,19;0,99;5,06;5,38;5,22;1;1;1;593;0,65;0,539629005;0,037099494;4,51;9,6;25,3
26131684;SEMI_INTEGRAL;Urbana;4,67;0,95;5;4,81;4,9;1;0;0;469;1;0,562899787;0,017057569;4,67;9,5;11,9
26111403;SEMI_INTEGRAL;Urbana;4,35;0,95;4,53;4,61;4,57;1;0;0;378;1;0,457671958;0,084656085;4,49;9,5;23,5
26109441;SEMI_INTEGRAL;Urbana;4,98;0,97;5,3;4,97;5,14;1;0;0;405;1;0,533333333;0,004938272;4,41;9,5;13,6
26110997;SEMI_INTEGRAL;Urbana;4,57;0,94;4,97;4,73;4,85;1;1;1;693;0,74;0,513708514;0,0995671;4,47;9,5;18,1
26111020;SEMI_INTEGRAL;Urbana;3,81;0,94;4,33;3,81;4,07;1;1;1;437;0,74;0,517162471;0,102974828;4,08;9,5;27,2
26108984;SEMI_INTEGRAL;Urbana;5,06;0,95;5,31;5,29;5,3;1;0;0;301;1;0,544850498;0,129568106;4,26;9,5;15,3
26111225;SEMI_INTEGRAL;Urbana;4,85;0,99;4,96;4,84;4,9;1;0;0;471;1;0,52866242;0,176220807;4,46;9,5;11,3
26110270;SEMI_INTEGRAL;Urbana;4,57;0,96;5,08;4,45;4,76;1;1;0;645;0,87;0,52248062;0,102325581;4,38;8,7;12,7
26109042;SEMI_INTEGRAL;Urbana;4,69;0,95;4,96;4,88;4,92;1;1;0;734;0,75;0,549046322;0,042234332;4,68;8;11,2
26110245;SEMI_INTEGRAL;Urbana;4,82;0,98;5,26;4,57;4,91;1;1;1;616;0,6;0,511363636;0,089285714;4,6;8,7;14,9
26109107;SEMI_INTEGRAL;Urbana;4,24;0,9;5,14;4,25;4,69;1;1;1;483;0,51;0,505175983;0,134575569;4,72;9,5;21,4
26100940;SEMI_INTEGRAL;Urbana;4,36;0,94;4,49;4,73;4,61;1;1;1;564;0,56;0,588652482;0,069148936;4,08;8,2;41
26042053;SEMI_INTEGRAL;Urbana;5,31;0,96;5,28;5,77;5,53;1;0;0;352;1;0,511363636;0,167613636;4,47;10,5;14,8
26100525;SEMI_INTEGRAL;Urbana;4,93;0,95;4,85;5,47;5,16;1;1;1;559;0,7;0,563506261;0,094812165;4,17;9,5;25,6
26077825;SEMI_INTEGRAL;Urbana;5,2;0,97;5,34;5,34;5,34;1;1;1;630;0,86;0,558730159;0,247619048;4,01;9,5;27,2
26133920;SEMI_INTEGRAL;Urbana;4,31;0,94;4,54;4,65;4,59;1;1;1;620;0,72;0,49516129;0,356451613;3,94;8,8;29,4
26090309;SEMI_INTEGRAL;Urbana;4,9;0,98;4,91;5,05;4,98;1;1;0;916;0,61;0,532751092;0,07860262;3,91;7,1;35,3
26090058;SEMI_INTEGRAL;Urbana;4,64;0,96;4,89;4,8;4,85;1;1;1;618;0,74;0,490291262;0,140776699;4,25;9,5;21,2
26078562;SEMI_INTEGRAL;Urbana;4,94;0,9;5;5,93;5,46;1;1;1;523;0,74;0,560229446;0,263862333;3,92;10;33,8
26069288;SEMI_INTEGRAL;Urbana;5,31;0,98;5,19;5,6;5,39;1;1;1;508;0,74;0,531496063;0,232283465;3,8;9,5;20,4
26069652;SEMI_INTEGRAL;Urbana;4,23;0,98;4,37;4,24;4,3;1;1;1;960;0,1;0,491666667;0,338541667;4,56;5,1;31
26070090;SEMI_INTEGRAL;Urbana;5,78;0,96;5,82;6,2;6,01;1;1;1;423;0,87;0,536643026;0,307328605;3,93;9,5;23,2
26029243;SEMI_INTEGRAL;Urbana;4,69;0,98;4,31;5,25;4,78;1;1;0;905;0,64;0,542541436;0,035359116;3,54;7,3;34,3
26100614;SEMI_INTEGRAL;Urbana;4,96;0,97;5,02;5,17;5,1;1;0;1;317;0,72;0,552050473;0,176656151;4,1;8,9;38,1
26009390;SEMI_INTEGRAL;Urbana;5,11;0,94;5,37;5,51;5,44;1;1;1;358;0,63;0,5;0,058659218;3,98;8,9;20,4
26008181;SEMI_INTEGRAL;Urbana;4,49;0,97;4,6;4,62;4,61;1;1;1;331;0,89;0,528700906;0,141993958;3,7;9,8;28,4
26112108;SEMI_INTEGRAL;Urbana;5,98;0,95;5,68;6,85;6,27;1;0;0;311;1;0,594855305;0,067524116;4,34;9,5;11,6
26114496;SEMI_INTEGRAL;Urbana;4,51;0,97;4,61;4,67;4,64;1;0;0;245;0,87;0,506122449;0,106122449;4,27;9,5;23,5
26113953;SEMI_INTEGRAL;Urbana;4,72;0,86;5,69;5,24;5,46;1;0;0;432;0,87;0,493055556;0,064814815;4,49;7;22,4
26112701;SEMI_INTEGRAL;Urbana;5,44;0,99;5,34;5,69;5,51;1;1;0;383;0,87;0,537859008;0,11227154;4,59;9,2;17,6
26136455;SEMI_INTEGRAL;Urbana;5,76;0,98;5,99;5,82;5,91;1;0;0;358;1;0,522346369;0,078212291;4,53;9,5;18,2
26113783;SEMI_INTEGRAL;Urbana;3,99;0,96;4,37;3,95;4,16;0;0;0;690;0,55;0,552173913;0,128985507;4,36;6,8;15,1
26113805;SEMI_INTEGRAL;Urbana;4,58;0,98;4,65;4,67;4,66;1;0;0;484;0,49;0,473140496;0,130165289;4,87;6,1;25,7
26070456;SEMI_INTEGRAL;Urbana;7,05;0,98;6,05;8,38;7,21;1;1;1;337;0,79;0,471810089;0,142433234;3,97;8,7;22,9
26005107;SEMI_INTEGRAL;Urbana;4,3;0,92;4,65;4,65;4,65;1;1;1;543;0,64;0,543278085;0,14732965;4,03;10;22,4
26101084;SEMI_INTEGRAL;Urbana;5,4;0,94;5,51;6,01;5,76;1;0;0;498;1;0,532128514;0,168674699;4,65;9,5;15,9
26079593;SEMI_INTEGRAL;Urbana;4,66;0,95;4,97;4,81;4,89;1;1;1;306;0,76;0,555555556;0,326797386;3,88;9,5;25,3
26091267;SEMI_INTEGRAL;Urbana;4,17;0,96;4,18;4,54;4,36;1;1;1;494;0,69;0,475708502;0,097165992;4,05;9,5;33,4
26091291;SEMI_INTEGRAL;Urbana;4,04;0,91;4,48;4,43;4,46;0;0;0;134;0,9;0,425373134;0,156716418;4,27;9,5;37,2
26117045;SEMI_INTEGRAL;Urbana;4,51;0,95;4,71;4,74;4,73;1;0;0;723;0,29;0,506224066;0,163208852;4,69;5,2;27,1
26115883;SEMI_INTEGRAL;Urbana;5,61;1;5,58;5,67;5,63;1;0;0;1087;1;0,529898804;0,172953082;4,81;7;11,7
26115999;SEMI_INTEGRAL;Urbana;4,8;0,98;5,16;4,67;4,91;1;1;1;632;0,86;0,525316456;0,246835443;4,69;9,5;18,6
26116014;SEMI_INTEGRAL;Urbana;4,33;1;4,56;4,1;4,33;1;1;1;437;0,53;0,549199085;0,054919908;4,48;9,5;24,9
26117290;SEMI_INTEGRAL;Urbana;4,87;0,94;5,22;5,14;5,18;1;0;0;490;1;0,491836735;0,128571429;4,85;9,5;12,2
26116324;SEMI_INTEGRAL;Urbana;5,46;0,99;5,64;5,42;5,53;1;1;1;729;0,82;0,492455418;0,267489712;4,79;9,5;13,9
26116634;SEMI_INTEGRAL;Urbana;4,22;0,96;3,96;4,82;4,39;1;0;0;118;1;0,491525424;0,127118644;4,32;9,5;25,4
26047837;SEMI_INTEGRAL;Urbana;4,09;0,96;4,34;4,14;4,24;1;0;0;315;1;0,584126984;0,104761905;3,86;9,5;29,2
26059088;SEMI_INTEGRAL;Urbana;5,13;0,98;5,13;5,32;5,23;1;0;0;604;1;0,561258278;0,197019868;4,29;9,5;10,4
26154358;SEMI_INTEGRAL;Rural;5,1;0,98;5,41;4,97;5,19;1;1;1;420;0,26;0,547619048;0,085714286;4,21;5,8;23,8
26034352;SEMI_INTEGRAL;Urbana;5,44;0,96;5,57;5,71;5,64;1;0;0;407;1;0,557739558;0,12039312;4,68;9,5;10,8
26035316;SEMI_INTEGRAL;Urbana;5,25;0,96;5,55;5,4;5,48;1;1;1;503;0,63;0,495029821;0,131212724;4,84;9,5;4,1
26033879;SEMI_INTEGRAL;Urbana;5,81;0,95;5,5;6,74;6,12;1;0;0;682;1;0,549853372;0,162756598;4,99;9,5;8,2
26059789;SEMI_INTEGRAL;Urbana;4,38;0,97;4,65;4,39;4,52;1;1;1;494;0,64;0,518218623;0,137651822;3,69;8,4;27,5
26093995;SEMI_INTEGRAL;Urbana;4,63;0,98;4,62;4,87;4,74;1;1;1;858;0,68;0,547785548;0,17016317;4,03;9,5;19,8
26102153;SEMI_INTEGRAL;Urbana;4,87;0,96;4,94;5,18;5,06;1;1;1;452;0,66;0,528761062;0,042035398;4,22;9,5;25,9
26102250;SEMI_INTEGRAL;Urbana;4,58;0,96;4,78;4,79;4,78;1;1;1;725;0,74;0,580689655;0,151724138;3,87;9,1;28,7
26132735;SEMI_INTEGRAL;Urbana;6,02;1;5,62;6,42;6,02;1;1;1;231;0,64;0,515151515;0,021645022;4;9,5;10,2
26124440;SEMI_INTEGRAL;Urbana;3,59;0,88;4,41;3,78;4,1;1;1;0;674;0,33;0,480712166;0,178041543;4,46;5,3;36
26123479;SEMI_INTEGRAL;Urbana;4,56;0,97;4,82;4,54;4,68;1;1;0;856;0,3;0,515186916;0,190420561;4,68;5,6;20,9
26125978;SEMI_INTEGRAL;Urbana;4,29;0,95;4,72;4,32;4,52;1;1;0;801;0,67;0,530586767;0,117353308;4,36;7,4;23,2
26122847;SEMI_INTEGRAL;Urbana;4,56;0,95;5,02;4,55;4,78;1;1;1;717;0,61;0,511854951;0,121338912;4,54;9,5;17,3
26123703;SEMI_INTEGRAL;Urbana;5,04;0,98;5,31;5,02;5,17;1;0;0;426;1;0,537558685;0,093896714;4,7;9,5;20,7
26121859;SEMI_INTEGRAL;Urbana;4,29;0,96;4,85;4,09;4,47;1;0;0;263;1;0,456273764;0,216730038;4,51;9,5;34,2
26124432;SEMI_INTEGRAL;Urbana;4,79;0,92;5,2;5,18;5,19;1;1;1;760;0,72;0,536842105;0,152631579;4,39;9,5;26,9
26126044;SEMI_INTEGRAL;Urbana;5,07;0,96;5,3;5,27;5,28;1;1;0;917;0,55;0,512540894;0,158124318;4,41;6,7;19,8
26127300;SEMI_INTEGRAL;Urbana;4,75;0,99;4,84;4,74;4,79;1;1;1;551;0,74;0,555353902;0,174228675;4,5;9,5;14,8
26124785;SEMI_INTEGRAL;Urbana;4,04;0,94;4,57;4,01;4,29;1;1;1;1034;0,62;0,500967118;0,110251451;4,38;9,5;31,6
26126133;SEMI_INTEGRAL;Urbana;5,2;0,98;5,52;5,09;5,31;1;0;0;584;1;0,525684932;0,16609589;4,75;9,5;21,7
26124602;SEMI_INTEGRAL;Urbana;5,23;0,96;5,28;5,66;5,47;1;1;1;573;0,78;0,532286213;0,253054101;4,95;9,5;10,5
26128195;SEMI_INTEGRAL;Urbana;4,48;0,93;5,19;4,4;4,8;1;1;1;196;0,67;0,505102041;0,12755102;4,5;9,5;28,8
26121247;SEMI_INTEGRAL;Urbana;4,13;0,95;4,44;4,28;4,36;1;1;1;528;0,7;0,507575758;0,263257576;4,26;9,5;26,1
26123282;SEMI_INTEGRAL;Urbana;4,95;0,96;5,07;5,26;5,17;1;0;0;458;1;0,5;0,233624454;4,66;9,5;16,6
26127334;SEMI_INTEGRAL;Urbana;5,17;0,97;5,09;5,62;5,35;1;1;1;666;0,78;0,527027027;0,162162162;4,76;9,5;16,9
26125641;SEMI_INTEGRAL;Urbana;4,82;0,98;5,33;4,55;4,94;1;0;0;289;1;0,505190311;0,200692042;4,5;9,5;27,7
26124696;SEMI_INTEGRAL;Urbana;4,33;0,97;4,81;4,11;4,46;1;0;0;402;1;0,519900498;0,149253731;4,57;9,5;16,9
26123819;SEMI_INTEGRAL;Urbana;5,51;0,98;5,7;5,57;5,64;1;1;1;842;0,77;0,517814727;0,214964371;4,66;9,5;16,5
26121654;SEMI_INTEGRAL;Urbana;5,77;0,95;5,89;6,28;6,08;1;0;0;397;1;0,493702771;0,198992443;4,94;9,5;14,6
26126109;SEMI_INTEGRAL;Urbana;5,05;0,95;5,54;5,06;5,3;1;1;0;592;0,81;0,486486486;0,177364865;4,56;8,3;15,7
26186241;SEMI_INTEGRAL;Urbana;5;0,97;5,11;5,23;5,17;1;1;1;959;0,71;0,520333681;0,155370177;4,38;9,5;14,8
26128721;SEMI_INTEGRAL;Urbana;4,9;0,96;5,18;5,03;5,1;1;1;0;703;0,82;0,523470839;0,120910384;4,57;8,4;15,2
26127741;SEMI_INTEGRAL;Urbana;4,66;0,95;5,18;4,6;4,89;1;1;1;704;0,72;0,53125;0,126420455;4,29;9,5;20,5
26121921;SEMI_INTEGRAL;Urbana;4,76;0,95;5,2;4,82;5,01;1;0;0;715;1;0,6;0,216783217;4,81;9,5;18,6
26060124;SEMI_INTEGRAL;Urbana;4,26;0,9;4,58;4,87;4,73;1;1;1;675;0,57;0,574814815;0,081481481;4,03;8,1;14
26102552;SEMI_INTEGRAL;Urbana;5,27;0,92;5,64;5,87;5,75;1;0;0;475;1;0,541052632;0,170526316;4,49;9,5;14,1
26011344;SEMI_INTEGRAL;Urbana;4,74;0,99;4,9;4,7;4,8;1;0;0;356;1;0,52247191;0,148876404;4,25;9,5;14,9
26061023;SEMI_INTEGRAL;Urbana;4,91;0,97;5,01;5,1;5,05;1;0;0;429;1;0,585081585;0,198135198;4,21;9,5;12,8
26154803;SEMI_INTEGRAL;Urbana;4,36;0,93;4,56;4,8;4,68;1;0;1;491;0,87;0,537678208;0,036659878;3,77;9,5;23,7
26133985;SEMI_INTEGRAL;Urbana;5,08;0,96;5,16;5,39;5,27;1;0;0;294;1;0,639455782;0,142857143;4,12;9,5;16,7
26169029;SEMI_INTEGRAL;Urbana;4,13;0,95;4,27;4,4;4,34;1;1;1;315;0,71;0,536507937;0,13968254;3,91;8,7;24,2
26064294;SEMI_INTEGRAL;Urbana;5,36;0,97;5,35;5,73;5,54;1;0;0;350;1;0,582857143;0,465714286;4,24;9,5;20,6
26019493;SEMI_INTEGRAL;Urbana;5,03;0,97;5,07;5,34;5,2;1;1;1;520;0,77;0,534615385;0,176923077;4,22;9,4;13,8
26104083;SEMI_INTEGRAL;Urbana;4,65;0,97;4,58;5,05;4,81;1;1;1;363;0,64;0,520661157;0,071625344;3,78;9,5;22,2
26061643;SEMI_INTEGRAL;Urbana;4,46;0,98;4,52;4,59;4,56;1;0;0;462;1;0,534632035;0,365800866;3,91;9,5;30,1
26081059;SEMI_INTEGRAL;Urbana;4,47;0,94;4,74;4,75;4,75;1;1;1;840;0,61;0,497619048;0,325;3,99;8,4;40,9
26086638;SEMI_INTEGRAL;Urbana;5,58;0,98;5,33;6,03;5,68;1;1;1;763;0,47;0,521625164;0,309305374;3,85;7,4;25,1
26019825;SEMI_INTEGRAL;Urbana;5,07;0,97;4,86;5,55;5,21;1;1;1;441;0,63;0,53968254;0,158730159;3,94;8,8;33,1
26129094;SEMI_INTEGRAL;Urbana;4,72;0,95;5,15;4,74;4,94;1;1;1;831;0,72;0,561973526;0,220216606;4,41;9,5;16,9
26071606;SEMI_INTEGRAL;Urbana;4,78;0,97;4,85;5;4,93;1;0;0;298;1;0,583892617;0,271812081;3,98;10;20,8
26020971;SEMI_INTEGRAL;Urbana;5,49;0,95;5,7;5,91;5,81;1;1;1;549;0,49;0,535519126;0,120218579;4,82;8,6;18,2
26013452;SEMI_INTEGRAL;Urbana;4,56;1;4,64;4,51;4,57;1;1;0;598;0,64;0,506688963;0,140468227;3,66;7,5;23,6
26022850;SEMI_INTEGRAL;Urbana;5,83;0,94;5,41;6,96;6,18;1;1;1;237;0,79;0,53164557;0,35021097;4,08;10;21,3
26064626;SEMI_INTEGRAL;Urbana;5,37;0,96;5,31;5,9;5,6;1;0;0;485;1;0,546391753;0,167010309;4,18;9,8;21,9
26103834;SEMI_INTEGRAL;Urbana;5,22;0,96;5,28;5,58;5,43;1;1;1;1001;0,69;0,506493506;0,021978022;4,31;9,5;25,2
26065592;SEMI_INTEGRAL;Urbana;5;0,99;5,06;5,07;5,07;1;1;1;481;0,8;0,575883576;0,474012474;4,24;9,5;9,9
26081180;SEMI_INTEGRAL;Urbana;4,77;0,95;4,85;5,22;5,04;1;1;1;366;0,54;0,530054645;0,275956284;3,84;9,5;30,2
26038536;SEMI_INTEGRAL;Urbana;5,69;0,99;5,22;6,25;5,73;0;1;0;475;0,86;0,515789474;0,035789474;3,79;8,7;11,8
26066220;SEMI_INTEGRAL;Urbana;4,71;0,93;4,79;5,33;5,06;1;1;1;802;0,63;0,568578554;0,158354115;4,21;9,5;16,1
26008530;SEMI_INTEGRAL;Urbana;5,54;0,99;5,35;5,79;5,57;1;0;0;607;1;0,573311367;0,115321252;4,34;10;10,4
26048337;SEMI_INTEGRAL;Urbana;5,67;0,98;5,22;6,38;5,8;1;1;1;890;0,73;0,553932584;0,024719101;3,86;8,7;31,8
26049406;SEMI_INTEGRAL;Urbana;5,38;0,98;5,3;5,72;5,51;1;1;0;623;0,91;0,560192616;0,298555377;4,11;9,1;14,3
26014190;SEMI_INTEGRAL;Urbana;4,93;0,94;4,69;5,84;5,27;1;1;0;298;0,74;0,540268456;0,087248322;3,75;8;23,2
26094800;SEMI_INTEGRAL;Urbana;4,72;0,96;5,02;4,87;4,95;1;1;1;709;0,69;0,547249647;0,146685472;4,17;8,6;27,2
26105101;SEMI_INTEGRAL;Urbana;6,14;0,97;6,1;6,56;6,33;1;1;1;460;0,6;0,536956522;0,017391304;4,14;9,5;22,4
26175533;TECNICA;Urbana;5,71;0,99;5,64;5,9;5,77;1;1;0;560;0,81;0,544642857;0,039285714;4,29;9,5;12
26185741;TECNICA;Urbana;5,8;0,97;5,7;6,32;6,01;1;0;0;468;1;0,472222222;0,354700855;4,65;9,5;5,3
26134213;TECNICA;Urbana;4,93;0,95;5,09;5,27;5,18;1;1;0;433;0,65;0,538106236;0,073903002;4,14;9;28,1
26185938;TECNICA;Urbana;6,08;0,97;6,15;6,36;6,25;1;1;0;637;0,75;0,538461538;0,04866562;4,49;9,7;7,9
26176211;TECNICA;Urbana;5,27;0,94;5,61;5,57;5,59;1;1;0;524;0,9;0,522900763;0,047709924;4,34;9,5;7,4
26176220;TECNICA;Urbana;5,43;0,98;5,42;5,66;5,54;1;1;0;411;0,9;0,549878345;0,058394161;4,34;9,5;8,1
26185750;TECNICA;Urbana;5,58;0,98;5,63;5,71;5,67;1;1;0;515;0,91;0,559223301;0,069902913;4,29;9,5;9
26129868;TECNICA;Urbana;6,91;0,98;6,49;7,6;7,04;1;1;0;639;0,76;0,503912363;0,042253521;4,86;9,5;9,2
26185768;TECNICA;Urbana;5,43;0,97;5,57;5,61;5,59;1;0;0;503;1;0,528827038;0,296222664;4,85;9,5;5,4
26176246;TECNICA;Urbana;5,53;0,95;5,95;5,73;5,84;1;1;0;598;0,75;0,650501672;0,033444816;4,74;9,5;10,6
26176203;TECNICA;Urbana;6,93;0,99;6,36;7,66;7,01;1;1;0;225;0,81;0,44;0,075555556;3,64;9,5;14,8
26525720;TECNICA;Urbana;5,49;0,95;5,97;5,62;5,8;1;1;0;974;0,48;0,483572895;0,199178645;4,84;9,5;8,6
26187051;TECNICA;Urbana;5,71;0,96;5,84;6,11;5,97;1;1;0;500;0,85;0,52;0,062;5,12;9,5;8,9
26098920;TECNICA;Urbana;5,6;0,98;5,5;5,91;5,7;1;1;0;432;0,74;0,465277778;0,030092593;4,29;9,5;11,9
26525798;TECNICA;Urbana;5,24;0,95;5,64;5,37;5,5;1;1;0;630;0,74;0,441269841;0,03968254;4,67;9,5;8
26176882;TECNICA;Urbana;6,83;0,95;6,54;7,86;7,2;1;1;0;626;0,82;0,599041534;0,07827476;4,66;9,5;8
26185946;TECNICA;Urbana;5,66;0,94;6,28;5,74;6,01;1;0;0;493;1;0,551724138;0,010141988;4,94;9,5;5,7
26525828;TECNICA;Urbana;5,88;0,94;6,28;6,21;6,24;1;1;0;653;0,75;0,499234303;0,044410413;4,75;9,5;6,1
26182106;TECNICA;Urbana;4,91;0,9;5,27;5,69;5,48;1;1;0;318;0,99;0,537735849;0,295597484;4,2;9,5;13,6
26525801;TECNICA;Urbana;6,02;0,96;5,9;6,61;6,26;1;1;0;745;0,64;0,632214765;0,081879195;4,51;9,5;4,4
26101653;TECNICA;Urbana;5,94;0,96;5,71;6,62;6,16;1;1;0;598;0,5;0,525083612;0,053511706;4,62;9,5;9,4
26186004;TECNICA;Rural;5,67;0,96;5,73;6,09;5,91;1;1;0;474;0,96;0,491561181;0,040084388;4,54;9,5;10,8
26181282;TECNICA;Urbana;6,02;0,97;6,12;6,23;6,18;1;1;0;631;0,78;0,52614897;0,019017433;4,89;9,5;6,5
26121816;TECNICA;Urbana;5,77;0,95;6,39;5,71;6,05;1;1;0;861;0,54;0,727061556;0,047619048;4,79;9,5;9,9
26178230;TECNICA;Urbana;6,58;0,99;6,66;6,69;6,67;1;1;0;686;0,74;0,411078717;0,282798834;5,2;9,5;2,8
26183021;TECNICA;Urbana;5,87;0,98;6,17;5,78;5,97;1;1;0;516;0,86;0,563953488;0,13372093;4,88;9,5;6,7
26179857;TECNICA;Urbana;5,87;0,96;5,97;6,24;6,1;1;0;0;361;1;0,462603878;0,096952909;5,17;9,5;4,7
26122685;TECNICA;Urbana;5,96;0,97;6,15;6,13;6,14;1;1;0;929;0,51;0,363832078;0,066738428;4,86;9,5;10,1
26176238;TECNICA;Urbana;6,26;0,98;6,37;6,37;6,37;1;1;0;595;0,79;0,465546218;0,043697479;4,8;9,5;6,4
26176254;TECNICA;Urbana;5,56;0,97;5,8;5,71;5,76;1;1;0;592;0,83;0,503378378;0,040540541;4,81;9,5;8,7
26185660;TECNICA;Urbana;5,84;0,98;5,86;6,06;5,96;1;1;0;716;0,68;0,587988827;0,148044693;4,5;9,5;7,2
26185113;TECNICA;Urbana;6,12;1;5,93;6,32;6,13;1;1;0;474;0,8;0,552742616;0,122362869;4,12;9,5;10,8
26176262;TECNICA;Urbana;6,44;1;6,19;6,74;6,47;1;1;0;549;0,89;0,551912568;0,032786885;4,52;9,5;6,6
26185806;TECNICA;Urbana;5,92;0,96;6,06;6,29;6,17;1;1;0;546;0,9;0,490842491;0,04029304;4,67;9,5;7,1
26020955;TECNICA;Urbana;4,97;0,8;5,91;6,51;6,21;1;1;0;393;0,38;0,610687023;0,147582697;4,58;9,2;11,3
26525933;TECNICA;Urbana;4,7;0,94;5,04;4,98;5,01;1;1;0;624;0,59;0,600961538;0,094551282;4,19;9,5;12,5
26525836;TECNICA;Urbana;5,99;0,98;5,84;6,33;6,08;1;1;0;249;0,75;0,530120482;0,184738956;4,74;9,5;9,6
26525810;TECNICA;Urbana;6,22;0,98;6,11;6,59;6,35;1;1;0;644;0,75;0,537267081;0,139751553;4,53;9,5;10,4
26095289;TECNICA;Urbana;5,45;0,98;5,48;5,65;5,56;1;1;0;521;0,95;0,537428023;0,042226488;4,41;9,5;13,2
